Consumer Expenditure by Income | Historic/Forecast,,,,,,,,,,,,,,
Geographies,Categories,Consumer Expenditure by Income,2005,2006,2007,2008,2009,2010,2011,2012,2013,2014,2015,2016
Indonesia,Consumer Expenditure on Clothing and Footwear,Decile 1 - US$ million,210.4,264,275,282.9,249.2,313.9,288.7,296.3,287.7,262.4,247.3,252.7
Indonesia,Consumer Expenditure on Clothing and Footwear,Decile 2 - US$ million,385.3,457,502.8,508.6,466.2,599,586.2,602,588.6,545.8,516.9,530.2
Indonesia,Consumer Expenditure on Clothing and Footwear,Decile 3 - US$ million,504.8,582.8,657.9,660.3,616.9,800.1,806.5,828.2,812.5,759.4,720.6,740.6
Indonesia,Consumer Expenditure on Clothing and Footwear,Decile 4 - US$ million,612.4,693.5,797.6,795.9,753.8,984.3,"1,013.80","1,041.00","1,023.70",962.1,914.3,940.9
Indonesia,Consumer Expenditure on Clothing and Footwear,Decile 5 - US$ million,719.2,801.4,936.2,929.7,890.6,"1,169.70","1,226.50","1,259.40","1,240.80","1,171.60","1,114.70","1,148.30"
Indonesia,Consumer Expenditure on Clothing and Footwear,Decile 6 - US$ million,832.9,914.3,"1,083.50","1,071.30","1,037.20","1,369.30","1,460.00","1,498.90","1,479.30","1,402.70","1,335.90","1,377.50"
Indonesia,Consumer Expenditure on Clothing and Footwear,Decile 7 - US$ million,962.7,"1,041.00","1,251.60","1,232.00","1,205.40","1,599.90","1,734.40","1,780.40","1,760.00","1,675.90","1,597.40","1,648.80"
Indonesia,Consumer Expenditure on Clothing and Footwear,Decile 8 - US$ million,"1,125.10","1,196.80","1,461.70","1,431.80","1,417.30","1,892.00","2,089.00","2,143.80","2,123.00","2,030.50","1,936.90","2,001.40"
Indonesia,Consumer Expenditure on Clothing and Footwear,Decile 9 - US$ million,"1,363.80","1,420.60","1,770.20","1,723.30","1,731.10","2,327.90","2,630.50","2,698.50","2,677.70","2,575.10","2,458.40","2,543.70"
Indonesia,Consumer Expenditure on Clothing and Footwear,Decile 10 - US$ million,"2,026.30","2,012.80","2,625.20","2,518.80","2,616.20","3,577.90","4,266.30","4,370.60","4,354.60","4,237.90","4,049.80","4,203.40"
Indonesia,Consumer Expenditure on Clothing and Footwear,Total - US$ million,"8,742.80","9,384.20","11,361.70","11,154.60","10,984.10","14,633.90","16,101.90","16,519.10","16,347.80","15,623.30","14,892.20","15,387.60"
Indonesia,Consumer Expenditure on Clothing and Footwear,Decile 1 - US$ per household,36.9,45.6,46.8,47.5,41.3,51.3,46.6,47.2,45.2,40.7,37.9,38.2
Indonesia,Consumer Expenditure on Clothing and Footwear,Decile 2 - US$ per household,67.5,78.9,85.6,85.4,77.3,97.9,94.6,95.8,92.5,84.6,79.1,80.2
Indonesia,Consumer Expenditure on Clothing and Footwear,Decile 3 - US$ per household,88.5,100.6,112,110.9,102.2,130.8,130.1,131.8,127.6,117.7,110.3,112
Indonesia,Consumer Expenditure on Clothing and Footwear,Decile 4 - US$ per household,107.4,119.8,135.8,133.7,124.9,160.9,163.5,165.7,160.8,149.2,140,142.3
Indonesia,Consumer Expenditure on Clothing and Footwear,Decile 5 - US$ per household,126.1,138.4,159.4,156.1,147.6,191.2,197.9,200.5,194.9,181.6,170.7,173.7
Indonesia,Consumer Expenditure on Clothing and Footwear,Decile 6 - US$ per household,146,157.9,184.5,179.9,171.8,223.9,235.5,238.6,232.4,217.5,204.5,208.3
Indonesia,Consumer Expenditure on Clothing and Footwear,Decile 7 - US$ per household,168.8,179.8,213.1,206.9,199.7,261.6,279.8,283.4,276.4,259.8,244.5,249.4
Indonesia,Consumer Expenditure on Clothing and Footwear,Decile 8 - US$ per household,197.2,206.7,248.9,240.4,234.8,309.3,337,341.2,333.5,314.8,296.5,302.7
Indonesia,Consumer Expenditure on Clothing and Footwear,Decile 9 - US$ per household,239.1,245.3,301.4,289.4,286.8,380.6,424.4,429.5,420.6,399.2,376.4,384.7
Indonesia,Consumer Expenditure on Clothing and Footwear,Decile 10 - US$ per household,355.2,347.6,446.9,423,433.5,585,688.2,695.7,684,657,620,635.7
Indonesia,Consumer Expenditure on Clothing and Footwear,Total - US$ per household,153.3,162.1,193.4,187.3,182,239.3,259.8,262.9,256.8,242.2,228,232.7
Indonesia,Consumer Expenditure on Housing,Decile 1 - US$ million,"1,611.50","2,072.10","2,539.00","2,949.50","2,945.70","3,695.80","4,110.60","4,310.30","4,297.20","4,173.10","4,026.80","4,199.20"
Indonesia,Consumer Expenditure on Housing,Decile 2 - US$ million,"2,182.10","2,751.80","3,434.90","3,973.70","4,026.90","5,089.60","5,790.80","6,071.40","6,067.60","5,926.90","5,728.30","5,980.60"
Indonesia,Consumer Expenditure on Housing,Decile 3 - US$ million,"2,492.20","3,114.90","3,921.10","4,527.90","4,619.70","5,858.50","6,736.00","7,061.70","7,064.80","6,919.50","6,692.00","6,990.40"
Indonesia,Consumer Expenditure on Housing,Decile 4 - US$ million,"2,738.40","3,401.00","4,306.70","4,966.80","5,091.90","6,472.60","7,497.20","7,858.90","7,868.00","7,720.30","7,469.50","7,805.20"
Indonesia,Consumer Expenditure on Housing,Decile 5 - US$ million,"2,959.70","3,656.80","4,653.20","5,361.00","5,517.80","7,027.60","8,189.40","8,583.50","8,598.20","8,449.20","8,177.00","8,546.80"
Indonesia,Consumer Expenditure on Housing,Decile 6 - US$ million,"3,175.70","3,905.10","4,991.10","5,745.10","5,934.40","7,571.40","8,871.60","9,297.20","9,317.50","9,167.90","8,874.50","9,277.80"
Indonesia,Consumer Expenditure on Housing,Decile 7 - US$ million,"3,402.60","4,164.60","5,345.80","6,148.00","6,373.00","8,145.00","9,595.10","10,053.90","10,080.10","9,930.40","9,614.00","10,053.10"
Indonesia,Consumer Expenditure on Housing,Decile 8 - US$ million,"3,662.90","4,460.50","5,752.40","6,609.40","6,877.60","8,806.00","10,433.80","10,930.50","10,963.50","10,814.50","10,470.90","10,951.50"
Indonesia,Consumer Expenditure on Housing,Decile 9 - US$ million,"4,008.30","4,850.30","6,291.60","7,220.40","7,549.30","9,688.10","11,561.20","12,107.90","12,149.90","12,002.50","11,621.50","12,157.90"
Indonesia,Consumer Expenditure on Housing,Decile 10 - US$ million,"4,810.60","5,737.10","7,542.10","8,630.30","9,121.20","11,765.80","14,270.10","14,931.80","14,994.50","14,857.80","14,380.90","15,052.90"
Indonesia,Consumer Expenditure on Housing,Total - US$ million,"31,044.00","38,114.20","48,778.00","56,132.10","58,057.60","74,120.40","87,055.90","91,207.00","91,401.20","89,962.10","87,055.40","91,015.40"
Indonesia,Consumer Expenditure on Housing,Decile 1 - US$ per household,282.5,357.8,432.3,495.3,488.1,604.2,663.1,686.1,675,647,616.5,635.1
Indonesia,Consumer Expenditure on Housing,Decile 2 - US$ per household,382.5,475.2,584.8,667.3,667.2,832.1,934.2,966.4,953,918.9,877,904.5
Indonesia,Consumer Expenditure on Housing,Decile 3 - US$ per household,436.9,537.9,667.6,760.3,765.4,957.8,"1,086.70","1,124.00","1,109.70","1,072.80","1,024.50","1,057.30"
Indonesia,Consumer Expenditure on Housing,Decile 4 - US$ per household,480,587.3,733.2,834.1,843.7,"1,058.20","1,209.50","1,250.90","1,235.80","1,196.90","1,143.60","1,180.50"
Indonesia,Consumer Expenditure on Housing,Decile 5 - US$ per household,518.9,631.5,792.2,900.3,914.2,"1,149.00","1,321.10","1,366.30","1,350.50","1,310.00","1,251.90","1,292.70"
Indonesia,Consumer Expenditure on Housing,Decile 6 - US$ per household,556.7,674.4,849.7,964.8,983.2,"1,237.90","1,431.20","1,479.90","1,463.50","1,421.40","1,358.60","1,403.20"
Indonesia,Consumer Expenditure on Housing,Decile 7 - US$ per household,596.5,719.2,910.1,"1,032.40","1,055.90","1,331.70","1,547.90","1,600.30","1,583.30","1,539.60","1,471.90","1,520.50"
Indonesia,Consumer Expenditure on Housing,Decile 8 - US$ per household,642.1,770.3,979.3,"1,109.90","1,139.50","1,439.70","1,683.20","1,739.80","1,722.00","1,676.70","1,603.10","1,656.40"
Indonesia,Consumer Expenditure on Housing,Decile 9 - US$ per household,702.7,837.6,"1,071.10","1,212.50","1,250.80","1,583.90","1,865.10","1,927.20","1,908.40","1,860.90","1,779.20","1,838.80"
Indonesia,Consumer Expenditure on Housing,Decile 10 - US$ per household,843.3,990.8,"1,284.00","1,449.30","1,511.30","1,923.60","2,302.10","2,376.70","2,355.20","2,303.50","2,201.70","2,276.70"
Indonesia,Consumer Expenditure on Housing,Total - US$ per household,544.2,658.2,830.4,942.6,961.9,"1,211.80","1,404.40","1,451.80","1,435.60","1,394.80","1,332.80","1,376.60"
Indonesia,Consumer Expenditure on Household Goods and Services,Decile 1 - US$ million,160.2,224.4,252.6,301.9,283.8,346.1,350.5,367.1,361.8,342.4,328.2,340
Indonesia,Consumer Expenditure on Household Goods and Services,Decile 2 - US$ million,290.5,387.6,456.8,538.1,523.2,648.3,691,723.9,717.7,688.5,662.4,688.2
Indonesia,Consumer Expenditure on Household Goods and Services,Decile 3 - US$ million,378.8,493.9,594.7,696,687.7,858.5,937.8,982.4,976.7,943.1,908.9,945.5
Indonesia,Consumer Expenditure on Household Goods and Services,Decile 4 - US$ million,458,587.3,718.4,836.7,836.3,"1,049.80","1,167.20","1,222.60","1,217.80","1,181.40","1,139.80","1,186.90"
Indonesia,Consumer Expenditure on Household Goods and Services,Decile 5 - US$ million,536.4,678.3,840.6,975.1,984.2,"1,241.00","1,400.50","1,466.90","1,463.40","1,425.20","1,376.10","1,434.10"
Indonesia,Consumer Expenditure on Household Goods and Services,Decile 6 - US$ million,619.6,773.4,970.1,"1,121.20","1,141.90","1,446.00","1,654.40","1,732.50","1,730.80","1,691.50","1,634.30","1,704.40"
Indonesia,Consumer Expenditure on Household Goods and Services,Decile 7 - US$ million,714.3,880.2,"1,117.50","1,286.70","1,322.30","1,681.50","1,950.50","2,042.30","2,043.00","2,003.30","1,936.80","2,021.30"
Indonesia,Consumer Expenditure on Household Goods and Services,Decile 8 - US$ million,832.5,"1,011.30","1,301.20","1,492.10","1,548.60","1,978.40","2,329.80","2,438.80","2,443.00","2,404.30","2,325.70","2,429.00"
Indonesia,Consumer Expenditure on Household Goods and Services,Decile 9 - US$ million,"1,005.60","1,199.60","1,569.90","1,790.80","1,882.10","2,418.60","2,903.50","3,038.10","3,048.10","3,013.30","2,916.20","3,048.70"
Indonesia,Consumer Expenditure on Household Goods and Services,Decile 10 - US$ million,"1,483.30","1,697.30","2,310.00","2,602.30","2,815.10","3,667.70","4,606.10","4,812.70","4,843.90","4,835.30","4,680.70","4,904.70"
Indonesia,Consumer Expenditure on Household Goods and Services,Total - US$ million,"6,479.30","7,933.30","10,131.80","11,640.90","12,025.20","15,336.00","17,991.30","18,827.40","18,846.10","18,528.20","17,909.20","18,702.70"
Indonesia,Consumer Expenditure on Household Goods and Services,Decile 1 - US$ per household,28.1,38.8,43,50.7,47,56.6,56.5,58.4,56.8,53.1,50.2,51.4
Indonesia,Consumer Expenditure on Household Goods and Services,Decile 2 - US$ per household,50.9,66.9,77.8,90.4,86.7,106,111.5,115.2,112.7,106.7,101.4,104.1
Indonesia,Consumer Expenditure on Household Goods and Services,Decile 3 - US$ per household,66.4,85.3,101.3,116.9,113.9,140.4,151.3,156.4,153.4,146.2,139.1,143
Indonesia,Consumer Expenditure on Household Goods and Services,Decile 4 - US$ per household,80.3,101.4,122.3,140.5,138.6,171.6,188.3,194.6,191.3,183.2,174.5,179.5
Indonesia,Consumer Expenditure on Household Goods and Services,Decile 5 - US$ per household,94,117.1,143.1,163.7,163.1,202.9,225.9,233.5,229.9,221,210.7,216.9
Indonesia,Consumer Expenditure on Household Goods and Services,Decile 6 - US$ per household,108.6,133.6,165.2,188.3,189.2,236.4,266.9,275.8,271.9,262.2,250.2,257.8
Indonesia,Consumer Expenditure on Household Goods and Services,Decile 7 - US$ per household,125.2,152,190.3,216.1,219.1,274.9,314.7,325.1,320.9,310.6,296.5,305.7
Indonesia,Consumer Expenditure on Household Goods and Services,Decile 8 - US$ per household,145.9,174.6,221.5,250.6,256.6,323.5,375.9,388.2,383.7,372.8,356.1,367.4
Indonesia,Consumer Expenditure on Household Goods and Services,Decile 9 - US$ per household,176.3,207.2,267.3,300.7,311.8,395.4,468.4,483.6,478.8,467.2,446.5,461.1
Indonesia,Consumer Expenditure on Household Goods and Services,Decile 10 - US$ per household,260,293.1,393.3,437,466.4,599.6,743.1,766.1,760.8,749.7,716.6,741.8
Indonesia,Consumer Expenditure on Household Goods and Services,Total - US$ per household,113.6,137,172.5,195.5,199.2,250.7,290.2,299.7,296,287.3,274.2,282.9
Indonesia,Consumer Expenditure on Health Goods and Medical Services,Decile 1 - US$ million,116.5,170.7,183.3,195.6,200,248.3,231.8,257.3,259.3,245.2,240.4,252
Indonesia,Consumer Expenditure on Health Goods and Medical Services,Decile 2 - US$ million,213.9,300.7,336.3,354.4,373.5,470.7,459.2,510.1,516.8,494.3,486.4,511.4
Indonesia,Consumer Expenditure on Health Goods and Medical Services,Decile 3 - US$ million,280.5,386.5,440.8,461.8,493.8,626.7,624.6,693.9,704.8,677.8,668.2,703.4
Indonesia,Consumer Expenditure on Health Goods and Medical Services,Decile 4 - US$ million,340.5,462.5,534.9,558.1,603,769.3,778.7,865.2,880.2,849.9,838.7,883.7
Indonesia,Consumer Expenditure on Health Goods and Medical Services,Decile 5 - US$ million,400.1,537,628.5,653.3,712.1,912.5,935.6,"1,039.60","1,059.10","1,025.90","1,013.30","1,068.50"
Indonesia,Consumer Expenditure on Health Goods and Medical Services,Decile 6 - US$ million,463.6,615.3,728,754.4,828.9,"1,066.50","1,106.50","1,229.60","1,254.20","1,218.40","1,204.20","1,270.70"
Indonesia,Consumer Expenditure on Health Goods and Medical Services,Decile 7 - US$ million,536.1,703.6,841.7,869.3,963,"1,244.00","1,306.20","1,451.50","1,482.20","1,444.00","1,428.10","1,507.90"
Indonesia,Consumer Expenditure on Health Goods and Medical Services,Decile 8 - US$ million,627,812.6,984,"1,012.50","1,131.70","1,468.40","1,562.40","1,735.90","1,774.80","1,734.20","1,716.10","1,813.40"
Indonesia,Consumer Expenditure on Health Goods and Medical Services,Decile 9 - US$ million,760.5,970.2,"1,193.10","1,221.90","1,381.40","1,802.60","1,950.40","2,166.60","2,218.10","2,175.40","2,153.80","2,278.00"
Indonesia,Consumer Expenditure on Health Goods and Medical Services,Decile 10 - US$ million,"1,131.60","1,391.00","1,773.80","1,796.10","2,084.90","2,757.30","3,105.30","3,446.00","3,537.30","3,497.20","3,463.90","3,671.70"
Indonesia,Consumer Expenditure on Health Goods and Medical Services,Total - US$ million,"4,870.30","6,350.30","7,644.20","7,877.40","8,772.40","11,366.20","12,060.70","13,395.70","13,686.70","13,362.20","13,213.00","13,960.70"
Indonesia,Consumer Expenditure on Health Goods and Medical Services,Decile 1 - US$ per household,20.4,29.5,31.2,32.8,33.1,40.6,37.4,41,40.7,38,36.8,38.1
Indonesia,Consumer Expenditure on Health Goods and Medical Services,Decile 2 - US$ per household,37.5,51.9,57.2,59.5,61.9,76.9,74.1,81.2,81.2,76.6,74.5,77.3
Indonesia,Consumer Expenditure on Health Goods and Medical Services,Decile 3 - US$ per household,49.2,66.7,75,77.5,81.8,102.5,100.8,110.5,110.7,105.1,102.3,106.4
Indonesia,Consumer Expenditure on Health Goods and Medical Services,Decile 4 - US$ per household,59.7,79.9,91.1,93.7,99.9,125.8,125.6,137.7,138.3,131.8,128.4,133.7
Indonesia,Consumer Expenditure on Health Goods and Medical Services,Decile 5 - US$ per household,70.1,92.7,107,109.7,118,149.2,150.9,165.5,166.4,159.1,155.1,161.6
Indonesia,Consumer Expenditure on Health Goods and Medical Services,Decile 6 - US$ per household,81.3,106.3,123.9,126.7,137.3,174.4,178.5,195.7,197,188.9,184.4,192.2
Indonesia,Consumer Expenditure on Health Goods and Medical Services,Decile 7 - US$ per household,94,121.5,143.3,146,159.6,203.4,210.7,231,232.8,223.9,218.6,228.1
Indonesia,Consumer Expenditure on Health Goods and Medical Services,Decile 8 - US$ per household,109.9,140.3,167.5,170,187.5,240.1,252,276.3,278.8,268.9,262.7,274.3
Indonesia,Consumer Expenditure on Health Goods and Medical Services,Decile 9 - US$ per household,133.3,167.6,203.1,205.2,228.9,294.7,314.6,344.9,348.4,337.3,329.7,344.5
Indonesia,Consumer Expenditure on Health Goods and Medical Services,Decile 10 - US$ per household,198.4,240.2,302,301.6,345.4,450.8,500.9,548.5,555.6,542.2,530.3,555.3
Indonesia,Consumer Expenditure on Health Goods and Medical Services,Total - US$ per household,85.4,109.7,130.1,132.3,145.3,185.8,194.6,213.2,215,207.2,202.3,211.2
Indonesia,Consumer Expenditure on Transport,Decile 1 - US$ million,521.1,712.3,795.1,939.4,884.9,"1,061.60","1,069.70","1,115.60","1,100.60","1,046.30",999.7,"1,033.10"
Indonesia,Consumer Expenditure on Transport,Decile 2 - US$ million,912.1,"1,194.30","1,396.70","1,628.50","1,581.10","1,933.30","2,049.70","2,137.80","2,119.20","2,037.30","1,954.80","2,026.90"
Indonesia,Consumer Expenditure on Transport,Decile 3 - US$ million,"1,170.40","1,501.60","1,795.00","2,079.90","2,048.60","2,527.50","2,745.60","2,863.60","2,845.20","2,749.70","2,643.50","2,745.10"
Indonesia,Consumer Expenditure on Transport,Decile 4 - US$ million,"1,399.00","1,768.60","2,147.90","2,477.50","2,465.80","3,062.00","3,385.00","3,530.30","3,513.10","3,407.90","3,280.50","3,410.40"
Indonesia,Consumer Expenditure on Transport,Decile 5 - US$ million,"1,622.70","2,026.10","2,493.50","2,865.30","2,876.70","3,591.70","4,029.50","4,201.90","4,186.80","4,073.90","3,925.70","4,084.70"
Indonesia,Consumer Expenditure on Transport,Decile 6 - US$ million,"1,857.80","2,293.30","2,857.00","3,271.60","3,311.20","4,154.90","4,725.10","4,926.60","4,914.30","4,795.10","4,624.60","4,815.90"
Indonesia,Consumer Expenditure on Transport,Decile 7 - US$ million,"2,123.00","2,590.80","3,267.40","3,728.50","3,804.20","4,797.30","5,530.20","5,765.10","5,756.80","5,632.30","5,436.30","5,665.80"
Indonesia,Consumer Expenditure on Transport,Decile 8 - US$ million,"2,450.70","2,953.30","3,774.80","4,291.10","4,417.10","5,600.80","6,553.30","6,829.90","6,827.50","6,699.10","6,470.60","6,749.80"
Indonesia,Consumer Expenditure on Transport,Decile 9 - US$ million,"2,925.40","3,469.20","4,510.40","5,102.00","5,311.20","6,781.20","8,085.90","8,423.70","8,431.40","8,301.80","8,024.60","8,380.10"
Indonesia,Consumer Expenditure on Transport,Decile 10 - US$ million,"4,209.20","4,810.20","6,503.30","7,271.00","7,767.90","10,076.20","12,557.10","13,063.90","13,107.30","13,004.60","12,581.10","13,172.10"
Indonesia,Consumer Expenditure on Transport,Total - US$ million,"19,191.50","23,319.70","29,541.00","33,654.80","34,468.50","43,586.50","50,731.20","52,858.40","52,802.30","51,747.90","49,941.40","52,084.00"
Indonesia,Consumer Expenditure on Transport,Decile 1 - US$ per household,91.3,123,135.4,157.8,146.6,173.6,172.6,177.6,172.9,162.2,153,156.3
Indonesia,Consumer Expenditure on Transport,Decile 2 - US$ per household,159.9,206.3,237.8,273.5,262,316.1,330.7,340.3,332.9,315.9,299.3,306.6
Indonesia,Consumer Expenditure on Transport,Decile 3 - US$ per household,205.2,259.3,305.6,349.3,339.4,413.2,442.9,455.8,446.9,426.3,404.7,415.2
Indonesia,Consumer Expenditure on Transport,Decile 4 - US$ per household,245.3,305.4,365.7,416,408.5,500.6,546.1,561.9,551.8,528.3,502.2,515.8
Indonesia,Consumer Expenditure on Transport,Decile 5 - US$ per household,284.5,349.9,424.5,481.2,476.6,587.2,650,668.8,657.6,631.6,601,617.8
Indonesia,Consumer Expenditure on Transport,Decile 6 - US$ per household,325.7,396,486.4,549.4,548.6,679.3,762.3,784.2,771.9,743.4,708,728.4
Indonesia,Consumer Expenditure on Transport,Decile 7 - US$ per household,372.2,447.4,556.3,626.1,630.3,784.3,892.1,917.6,904.2,873.2,832.3,856.9
Indonesia,Consumer Expenditure on Transport,Decile 8 - US$ per household,429.6,510,642.7,720.6,731.8,915.7,"1,057.20","1,087.10","1,072.40","1,038.60",990.6,"1,020.90"
Indonesia,Consumer Expenditure on Transport,Decile 9 - US$ per household,512.8,599.1,767.9,856.8,880,"1,108.70","1,304.40","1,340.80","1,324.30","1,287.10","1,228.50","1,267.50"
Indonesia,Consumer Expenditure on Transport,Decile 10 - US$ per household,737.9,830.7,"1,107.20","1,221.00","1,287.00","1,647.40","2,025.70","2,079.40","2,058.80","2,016.20","1,926.10","1,992.20"
Indonesia,Consumer Expenditure on Transport,Total - US$ per household,336.4,402.7,502.9,565.2,571.1,712.6,818.4,841.4,829.4,802.3,764.6,787.7
Indonesia,Consumer Expenditure on Communications,Decile 1 - US$ million,133.4,201.8,221.8,275.9,253.3,309.7,296.2,316.1,313.9,294.5,283.4,293.7
Indonesia,Consumer Expenditure on Communications,Decile 2 - US$ million,231.9,326.1,382.9,466.2,450.5,563,582.7,621.8,623.5,598.4,578.8,603
Indonesia,Consumer Expenditure on Communications,Decile 3 - US$ million,296.5,403.3,488.2,588.5,582.4,735.6,790.1,843,849,823.7,798.6,833.8
Indonesia,Consumer Expenditure on Communications,Decile 4 - US$ million,353.6,469.3,580.8,695.1,699.9,890.6,982.7,"1,048.40","1,059.10","1,035.50","1,005.60","1,051.60"
Indonesia,Consumer Expenditure on Communications,Decile 5 - US$ million,409.3,532.3,671,798.3,815.5,"1,044.20","1,178.50","1,257.10","1,273.20","1,252.80","1,218.10","1,275.70"
Indonesia,Consumer Expenditure on Communications,Decile 6 - US$ million,467.7,597,765.4,905.6,937.5,"1,207.50","1,391.40","1,484.00","1,506.40","1,490.90","1,451.20","1,521.70"
Indonesia,Consumer Expenditure on Communications,Decile 7 - US$ million,533.5,668.4,871.5,"1,025.50","1,075.80","1,393.60","1,639.60","1,748.30","1,778.70","1,770.50","1,725.10","1,811.20"
Indonesia,Consumer Expenditure on Communications,Decile 8 - US$ million,614.6,754.4,"1,002.00","1,172.00","1,247.50","1,626.30","1,957.40","2,086.50","2,127.70","2,131.20","2,078.50","2,185.10"
Indonesia,Consumer Expenditure on Communications,Decile 9 - US$ million,731.8,875.5,"1,190.10","1,381.60","1,497.50","1,967.90","2,437.70","2,597.20","2,656.10","2,680.80","2,617.30","2,756.20"
Indonesia,Consumer Expenditure on Communications,Decile 10 - US$ million,"1,047.50","1,183.90","1,694.80","1,933.90","2,182.70","2,920.70","3,861.20","4,107.70","4,225.10","4,335.40","4,238.80","4,481.00"
Indonesia,Consumer Expenditure on Communications,Total - US$ million,"4,819.90","6,011.90","7,868.40","9,242.70","9,742.60","12,659.00","15,117.50","16,110.30","16,412.70","16,413.80","15,995.30","16,813.00"
Indonesia,Consumer Expenditure on Communications,Decile 1 - US$ per household,23.4,34.8,37.8,46.3,42,50.6,47.8,50.3,49.3,45.7,43.4,44.4
Indonesia,Consumer Expenditure on Communications,Decile 2 - US$ per household,40.6,56.3,65.2,78.3,74.6,92.1,94,99,97.9,92.8,88.6,91.2
Indonesia,Consumer Expenditure on Communications,Decile 3 - US$ per household,52,69.6,83.1,98.8,96.5,120.3,127.5,134.2,133.4,127.7,122.3,126.1
Indonesia,Consumer Expenditure on Communications,Decile 4 - US$ per household,62,81.1,98.9,116.7,116,145.6,158.5,166.9,166.4,160.5,153.9,159.1
Indonesia,Consumer Expenditure on Communications,Decile 5 - US$ per household,71.8,91.9,114.2,134.1,135.1,170.7,190.1,200.1,200,194.2,186.5,192.9
Indonesia,Consumer Expenditure on Communications,Decile 6 - US$ per household,82,103.1,130.3,152.1,155.3,197.4,224.5,236.2,236.6,231.1,222.2,230.1
Indonesia,Consumer Expenditure on Communications,Decile 7 - US$ per household,93.5,115.4,148.4,172.2,178.2,227.8,264.5,278.3,279.4,274.5,264.1,273.9
Indonesia,Consumer Expenditure on Communications,Decile 8 - US$ per household,107.7,130.3,170.6,196.8,206.7,265.9,315.8,332.1,334.2,330.4,318.2,330.5
Indonesia,Consumer Expenditure on Communications,Decile 9 - US$ per household,128.3,151.2,202.6,232,248.1,321.7,393.2,413.4,417.2,415.6,400.7,416.9
Indonesia,Consumer Expenditure on Communications,Decile 10 - US$ per household,183.6,204.4,288.5,324.8,361.7,477.5,622.9,653.8,663.6,672.2,648.9,677.7
Indonesia,Consumer Expenditure on Communications,Total - US$ per household,84.5,103.8,134,155.2,161.4,207,243.9,256.4,257.8,254.5,244.9,254.3
Indonesia,Consumer Expenditure on Leisure and Recreation,Decile 1 - US$ million,253.2,337.5,371.9,427.4,393.4,465.5,465,486.7,485.8,466.6,451.7,471.8
Indonesia,Consumer Expenditure on Leisure and Recreation,Decile 2 - US$ million,463.7,592.6,680.3,772.7,732.2,879.4,918.3,961.4,964.6,937.2,910.8,953.7
Indonesia,Consumer Expenditure on Leisure and Recreation,Decile 3 - US$ million,607.2,760.8,890.6,"1,005.80",966.6,"1,169.10","1,247.40","1,305.90","1,313.40","1,283.10","1,249.10","1,309.60"
Indonesia,Consumer Expenditure on Leisure and Recreation,Decile 4 - US$ million,736.6,909.6,"1,080.00","1,214.80","1,179.20","1,433.60","1,553.40","1,626.20","1,638.30","1,606.80","1,565.90","1,643.40"
Indonesia,Consumer Expenditure on Leisure and Recreation,Decile 5 - US$ million,865,"1,055.20","1,267.80","1,421.20","1,391.30","1,698.80","1,864.80","1,952.20","1,969.30","1,937.70","1,890.00","1,984.90"
Indonesia,Consumer Expenditure on Leisure and Recreation,Decile 6 - US$ million,"1,001.60","1,208.20","1,467.60","1,640.00","1,618.20","1,983.60","2,203.80","2,306.80","2,329.80","2,299.10","2,244.10","2,358.40"
Indonesia,Consumer Expenditure on Leisure and Recreation,Decile 7 - US$ million,"1,157.60","1,380.60","1,695.60","1,888.70","1,878.30","2,311.70","2,599.50","2,720.60","2,750.80","2,722.20","2,658.70","2,796.10"
Indonesia,Consumer Expenditure on Leisure and Recreation,Decile 8 - US$ million,"1,352.80","1,593.30","1,980.70","2,198.60","2,205.50","2,726.20","3,106.50","3,250.60","3,290.40","3,266.10","3,191.60","3,359.10"
Indonesia,Consumer Expenditure on Leisure and Recreation,Decile 9 - US$ million,"1,639.50","1,900.50","2,399.40","2,651.30","2,689.10","3,342.60","3,873.80","4,051.90","4,107.10","4,091.70","4,000.60","4,214.30"
Indonesia,Consumer Expenditure on Leisure and Recreation,Decile 10 - US$ million,"2,435.20","2,719.30","3,560.10","3,891.10","4,049.50","5,100.20","6,153.30","6,427.90","6,532.20","6,560.30","6,416.20","6,774.00"
Indonesia,Consumer Expenditure on Leisure and Recreation,Total - US$ million,"10,512.50","12,457.50","15,393.90","17,111.60","17,103.30","21,110.80","23,985.90","25,090.10","25,381.50","25,170.80","24,578.70","25,865.40"
Indonesia,Consumer Expenditure on Leisure and Recreation,Decile 1 - US$ per household,44.4,58.3,63.3,71.8,65.2,76.1,75,77.5,76.3,72.3,69.2,71.4
Indonesia,Consumer Expenditure on Leisure and Recreation,Decile 2 - US$ per household,81.3,102.3,115.8,129.8,121.3,143.8,148.1,153,151.5,145.3,139.4,144.2
Indonesia,Consumer Expenditure on Leisure and Recreation,Decile 3 - US$ per household,106.5,131.4,151.6,168.9,160.1,191.1,201.2,207.9,206.3,198.9,191.2,198.1
Indonesia,Consumer Expenditure on Leisure and Recreation,Decile 4 - US$ per household,129.1,157.1,183.9,204,195.4,234.4,250.6,258.9,257.3,249.1,239.7,248.6
Indonesia,Consumer Expenditure on Leisure and Recreation,Decile 5 - US$ per household,151.6,182.2,215.8,238.7,230.5,277.7,300.8,310.7,309.3,300.4,289.3,300.2
Indonesia,Consumer Expenditure on Leisure and Recreation,Decile 6 - US$ per household,175.6,208.6,249.9,275.4,268.1,324.3,355.5,367.2,365.9,356.4,343.6,356.7
Indonesia,Consumer Expenditure on Leisure and Recreation,Decile 7 - US$ per household,202.9,238.4,288.7,317.2,311.2,377.9,419.4,433,432.1,422,407,422.9
Indonesia,Consumer Expenditure on Leisure and Recreation,Decile 8 - US$ per household,237.1,275.2,337.2,369.2,365.4,445.7,501.1,517.4,516.8,506.4,488.6,508
Indonesia,Consumer Expenditure on Leisure and Recreation,Decile 9 - US$ per household,287.4,328.2,408.5,445.2,445.5,546.5,624.9,645,645.1,634.4,612.5,637.4
Indonesia,Consumer Expenditure on Leisure and Recreation,Decile 10 - US$ per household,426.9,469.6,606.1,653.4,670.9,833.8,992.7,"1,023.10","1,026.00","1,017.10",982.3,"1,024.50"
Indonesia,Consumer Expenditure on Leisure and Recreation,Total - US$ per household,184.3,215.1,262.1,287.3,283.4,345.1,386.9,399.4,398.7,390.2,376.3,391.2
Indonesia,Consumer Expenditure on Education,Decile 1 - US$ million,118.8,179.9,199.6,257.3,258.5,324.2,332.7,359.8,362.4,347.5,334.9,347.8
Indonesia,Consumer Expenditure on Education,Decile 2 - US$ million,200.4,288.1,339.8,431.5,452.2,583.2,643,696.5,707,688.8,667.9,697.2
Indonesia,Consumer Expenditure on Education,Decile 3 - US$ million,252.9,354.8,430.6,543,580.3,758.3,864.8,937.4,954.9,937.2,911.5,953.7
Indonesia,Consumer Expenditure on Education,Decile 4 - US$ million,298.6,411.7,510,639.8,693.7,915,"1,069.30","1,159.60","1,184.20","1,168.50","1,138.60","1,193.40"
Indonesia,Consumer Expenditure on Education,Decile 5 - US$ million,342.8,465.8,587,733.3,804.6,"1,069.70","1,275.90","1,384.20","1,416.50","1,403.80","1,370.00","1,438.10"
Indonesia,Consumer Expenditure on Education,Decile 6 - US$ million,388.8,521.2,667.3,830.3,921.2,"1,233.60","1,499.50","1,627.20","1,668.20","1,659.90","1,622.10","1,705.00"
Indonesia,Consumer Expenditure on Education,Decile 7 - US$ million,440.2,582.2,757.2,938.5,"1,052.80","1,420.00","1,759.00","1,909.20","1,960.70","1,958.60","1,916.50","2,017.00"
Indonesia,Consumer Expenditure on Education,Decile 8 - US$ million,503.1,655.6,867.4,"1,070.40","1,215.40","1,652.30","2,089.50","2,268.40","2,333.80","2,341.20","2,293.70","2,417.40"
Indonesia,Consumer Expenditure on Education,Decile 9 - US$ million,593,758.5,"1,025.50","1,258.70","1,450.90","1,992.20","2,586.10","2,807.80","2,895.20","2,919.40","2,864.30","3,024.00"
Indonesia,Consumer Expenditure on Education,Decile 10 - US$ million,831.2,"1,019.20","1,446.40","1,752.80","2,090.40","2,934.40","4,042.30","4,387.90","4,544.60","4,634.10","4,556.90","4,830.20"
Indonesia,Consumer Expenditure on Education,Total - US$ million,"3,969.80","5,236.90","6,830.70","8,455.60","9,520.10","12,882.90","16,162.00","17,538.20","18,027.50","18,058.90","17,676.40","18,623.70"
Indonesia,Consumer Expenditure on Education,Decile 1 - US$ per household,20.8,31.1,34,43.2,42.8,53,53.7,57.3,56.9,53.9,51.3,52.6
Indonesia,Consumer Expenditure on Education,Decile 2 - US$ per household,35.1,49.8,57.9,72.5,74.9,95.4,103.7,110.9,111.1,106.8,102.3,105.5
Indonesia,Consumer Expenditure on Education,Decile 3 - US$ per household,44.3,61.3,73.3,91.2,96.2,124,139.5,149.2,150,145.3,139.5,144.2
Indonesia,Consumer Expenditure on Education,Decile 4 - US$ per household,52.3,71.1,86.8,107.4,114.9,149.6,172.5,184.6,186,181.2,174.3,180.5
Indonesia,Consumer Expenditure on Education,Decile 5 - US$ per household,60.1,80.4,99.9,123.1,133.3,174.9,205.8,220.3,222.5,217.6,209.7,217.5
Indonesia,Consumer Expenditure on Education,Decile 6 - US$ per household,68.2,90,113.6,139.4,152.6,201.7,241.9,259,262,257.3,248.3,257.9
Indonesia,Consumer Expenditure on Education,Decile 7 - US$ per household,77.2,100.5,128.9,157.6,174.4,232.2,283.8,303.9,308,303.7,293.4,305.1
Indonesia,Consumer Expenditure on Education,Decile 8 - US$ per household,88.2,113.2,147.7,179.8,201.4,270.1,337.1,361.1,366.6,363,351.2,365.6
Indonesia,Consumer Expenditure on Education,Decile 9 - US$ per household,104,131,174.6,211.4,240.4,325.7,417.2,446.9,454.7,452.6,438.5,457.4
Indonesia,Consumer Expenditure on Education,Decile 10 - US$ per household,145.7,176,246.2,294.3,346.4,479.8,652.1,698.4,713.8,718.5,697.6,730.5
Indonesia,Consumer Expenditure on Education,Total - US$ per household,69.6,90.4,116.3,142,157.7,210.6,260.7,279.2,283.2,280,270.6,281.7
Indonesia,Consumer Expenditure on Hotels and Catering,Decile 1 - US$ million,621.8,815.5,875,952.6,902,"1,066.00","1,052.30","1,098.30","1,086.70","1,047.80","1,005.80","1,044.90"
Indonesia,Consumer Expenditure on Hotels and Catering,Decile 2 - US$ million,"1,078.60","1,364.40","1,522.70","1,633.90","1,584.50","1,905.60","1,960.10","2,045.90","2,031.50","1,974.30","1,903.30","1,983.50"
Indonesia,Consumer Expenditure on Hotels and Catering,Decile 3 - US$ million,"1,378.50","1,713.70","1,948.70","2,076.80","2,037.30","2,470.30","2,591.90","2,705.30","2,690.60","2,624.80","2,535.30","2,645.90"
Indonesia,Consumer Expenditure on Hotels and Catering,Decile 4 - US$ million,"1,642.80","2,016.90","2,324.50","2,465.40","2,438.60","2,974.40","3,165.70","3,303.90","3,289.60","3,217.80","3,112.10","3,251.10"
Indonesia,Consumer Expenditure on Hotels and Catering,Decile 5 - US$ million,"1,900.70","2,309.10","2,691.50","2,843.00","2,831.70","3,471.10","3,738.70","3,901.50","3,888.10","3,811.60","3,690.00","3,858.10"
Indonesia,Consumer Expenditure on Hotels and Catering,Decile 6 - US$ million,"2,171.10","2,612.10","3,076.50","3,237.50","3,245.50","3,996.40","4,352.30","4,541.30","4,529.00","4,448.60","4,310.40","4,510.20"
Indonesia,Consumer Expenditure on Hotels and Catering,Decile 7 - US$ million,"2,475.40","2,949.30","3,510.10","3,679.90","3,712.80","4,592.70","5,057.20","5,275.80","5,265.30","5,181.60","5,024.40","5,261.30"
Indonesia,Consumer Expenditure on Hotels and Catering,Decile 8 - US$ million,"2,850.40","3,360.00","4,044.90","4,223.10","4,291.00","5,334.50","5,945.70","6,201.20","6,193.20","6,106.80","5,925.90","6,210.40"
Indonesia,Consumer Expenditure on Hotels and Catering,Decile 9 - US$ million,"3,392.00","3,943.90","4,817.70","5,003.40","5,130.00","6,417.90","7,264.20","7,573.30","7,569.40","7,481.70","7,265.40","7,622.00"
Indonesia,Consumer Expenditure on Hotels and Catering,Decile 10 - US$ million,"4,849.60","5,460.00","6,900.00","7,078.00","7,412.80","9,409.20","11,045.70","11,500.50","11,510.70","11,436.90","11,116.10","11,689.40"
Indonesia,Consumer Expenditure on Hotels and Catering,Total - US$ million,"22,360.90","26,544.80","31,711.60","33,193.60","33,586.20","41,638.10","46,173.90","48,146.90","48,054.10","47,332.00","45,888.80","48,076.90"
Indonesia,Consumer Expenditure on Hotels and Catering,Decile 1 - US$ per household,109,140.8,149,160,149.4,174.3,169.8,174.8,170.7,162.4,154,158
Indonesia,Consumer Expenditure on Hotels and Catering,Decile 2 - US$ per household,189.1,235.6,259.2,274.4,262.5,311.5,316.2,325.7,319.1,306.1,291.4,300
Indonesia,Consumer Expenditure on Hotels and Catering,Decile 3 - US$ per household,241.7,295.9,331.8,348.8,337.6,403.9,418.1,430.6,422.6,407,388.1,400.2
Indonesia,Consumer Expenditure on Hotels and Catering,Decile 4 - US$ per household,288,348.3,395.7,414,404,486.3,510.7,525.9,516.7,498.9,476.4,491.7
Indonesia,Consumer Expenditure on Hotels and Catering,Decile 5 - US$ per household,333.2,398.8,458.2,477.4,469.2,567.5,603.1,621,610.7,590.9,564.9,583.5
Indonesia,Consumer Expenditure on Hotels and Catering,Decile 6 - US$ per household,380.6,451.1,523.8,543.7,537.7,653.4,702.1,722.8,711.4,689.7,659.9,682.2
Indonesia,Consumer Expenditure on Hotels and Catering,Decile 7 - US$ per household,433.9,509.3,597.6,618,615.2,750.9,815.8,839.8,827,803.3,769.2,795.8
Indonesia,Consumer Expenditure on Hotels and Catering,Decile 8 - US$ per household,499.7,580.2,688.6,709.2,711,872.2,959.2,987.1,972.8,946.8,907.2,939.3
Indonesia,Consumer Expenditure on Hotels and Catering,Decile 9 - US$ per household,594.6,681.1,820.2,840.2,850,"1,049.30","1,171.90","1,205.50","1,188.90","1,160.00","1,112.30","1,152.80"
Indonesia,Consumer Expenditure on Hotels and Catering,Decile 10 - US$ per household,850.2,942.9,"1,174.70","1,188.60","1,228.20","1,538.30","1,781.90","1,830.60","1,808.00","1,773.20","1,701.80","1,768.00"
Indonesia,Consumer Expenditure on Hotels and Catering,Total - US$ per household,392,458.4,539.9,557.4,556.5,680.8,744.9,766.4,754.8,733.8,702.5,727.1
Indonesia,Consumer Expenditure on Miscellaneous Goods and Services,Decile 1 - US$ million,108,156.5,183.9,227.1,221.7,279.8,294.5,313,312.6,298.8,288,299.6
Indonesia,Consumer Expenditure on Miscellaneous Goods and Services,Decile 2 - US$ million,205.6,284.9,349.3,426.1,429.4,550.1,606.7,645.1,647.9,627.2,606.7,632.8
Indonesia,Consumer Expenditure on Miscellaneous Goods and Services,Decile 3 - US$ million,274.1,371.7,465.2,564.1,577.3,744.7,840.2,893.4,899.6,876.2,849,886.7
Indonesia,Consumer Expenditure on Miscellaneous Goods and Services,Decile 4 - US$ million,336.8,449.6,571.1,689.7,713.5,925.2,"1,061.10","1,128.30","1,138.20","1,113.50","1,080.10","1,129.00"
Indonesia,Consumer Expenditure on Miscellaneous Goods and Services,Decile 5 - US$ million,399.8,526.7,677.5,815.1,851.2,"1,108.50","1,288.90","1,370.50","1,384.60","1,359.40","1,319.70","1,380.50"
Indonesia,Consumer Expenditure on Miscellaneous Goods and Services,Decile 6 - US$ million,467.6,608.4,791.8,949.5,"1,000.10","1,307.60","1,539.90","1,637.20","1,656.20","1,631.40","1,584.80","1,659.00"
Indonesia,Consumer Expenditure on Miscellaneous Goods and Services,Decile 7 - US$ million,545.7,701.5,923.5,"1,103.70","1,172.60","1,539.40","1,836.20","1,951.90","1,977.00","1,953.60","1,899.00","1,989.20"
Indonesia,Consumer Expenditure on Miscellaneous Goods and Services,Decile 8 - US$ million,644.6,817.3,"1,089.90","1,297.80","1,391.90","1,835.50","2,220.30","2,359.80","2,393.20","2,372.90","2,307.70","2,419.10"
Indonesia,Consumer Expenditure on Miscellaneous Goods and Services,Decile 9 - US$ million,791.6,986.5,"1,337.30","1,584.80","1,720.40","2,281.50","2,809.90","2,985.30","3,032.00","3,018.80","2,937.30","3,082.00"
Indonesia,Consumer Expenditure on Miscellaneous Goods and Services,Decile 10 - US$ million,"1,208.80","1,446.60","2,038.00","2,387.10","2,665.60","3,582.80","4,606.30","4,887.10","4,978.00","5,001.70","4,867.50","5,118.60"
Indonesia,Consumer Expenditure on Miscellaneous Goods and Services,Total - US$ million,"4,982.80","6,349.70","8,427.40","10,045.00","10,743.80","14,155.00","17,104.00","18,171.70","18,419.30","18,253.60","17,739.90","18,596.50"
Indonesia,Consumer Expenditure on Miscellaneous Goods and Services,Decile 1 - US$ per household,18.9,27,31.3,38.1,36.7,45.7,47.5,49.8,49.1,46.3,44.1,45.3
Indonesia,Consumer Expenditure on Miscellaneous Goods and Services,Decile 2 - US$ per household,36,49.2,59.5,71.6,71.2,89.9,97.9,102.7,101.8,97.2,92.9,95.7
Indonesia,Consumer Expenditure on Miscellaneous Goods and Services,Decile 3 - US$ per household,48.1,64.2,79.2,94.7,95.6,121.8,135.5,142.2,141.3,135.9,130,134.1
Indonesia,Consumer Expenditure on Miscellaneous Goods and Services,Decile 4 - US$ per household,59.1,77.6,97.2,115.8,118.2,151.3,171.2,179.6,178.8,172.6,165.4,170.8
Indonesia,Consumer Expenditure on Miscellaneous Goods and Services,Decile 5 - US$ per household,70.1,91,115.3,136.9,141,181.2,207.9,218.2,217.5,210.8,202,208.8
Indonesia,Consumer Expenditure on Miscellaneous Goods and Services,Decile 6 - US$ per household,82,105.1,134.8,159.4,165.7,213.8,248.4,260.6,260.1,252.9,242.6,250.9
Indonesia,Consumer Expenditure on Miscellaneous Goods and Services,Decile 7 - US$ per household,95.7,121.1,157.2,185.3,194.3,251.7,296.2,310.7,310.5,302.9,290.7,300.9
Indonesia,Consumer Expenditure on Miscellaneous Goods and Services,Decile 8 - US$ per household,113,141.1,185.6,217.9,230.6,300.1,358.2,375.6,375.9,367.9,353.3,365.9
Indonesia,Consumer Expenditure on Miscellaneous Goods and Services,Decile 9 - US$ per household,138.8,170.4,227.7,266.1,285,373,453.3,475.2,476.2,468,449.7,466.1
Indonesia,Consumer Expenditure on Miscellaneous Goods and Services,Decile 10 - US$ per household,211.9,249.8,347,400.9,441.7,585.8,743.1,777.9,781.9,775.5,745.2,774.2
Indonesia,Consumer Expenditure on Miscellaneous Goods and Services,Total - US$ per household,87.4,109.7,143.5,168.7,178,231.4,275.9,289.2,289.3,283,271.6,281.3
Indonesia,Consumer Expenditure on Food and Non-Alcoholic Beverages,Decile 1 - US$ million,"2,883.00","3,965.50","4,291.30","5,015.20","4,898.40","6,278.50","6,908.00","7,172.70","7,100.20","6,822.20","6,534.50","6,767.60"
Indonesia,Consumer Expenditure on Food and Non-Alcoholic Beverages,Decile 2 - US$ million,"4,097.00","5,507.40","6,089.20","7,078.70","7,032.30","9,088.90","10,262.90","10,654.90","10,577.00","10,232.40","9,818.70","10,182.00"
Indonesia,Consumer Expenditure on Food and Non-Alcoholic Beverages,Decile 3 - US$ million,"4,783.00","6,361.10","7,103.30","8,237.60","8,248.90","10,702.70","12,232.90","12,698.70","12,621.90","12,249.30","11,762.90","12,205.20"
Indonesia,Consumer Expenditure on Food and Non-Alcoholic Beverages,Decile 4 - US$ million,"5,339.40","7,047.10","7,924.80","9,174.80","9,239.60","12,020.80","13,858.20","14,384.10","14,309.40","13,917.40","13,371.00","13,879.10"
Indonesia,Consumer Expenditure on Food and Non-Alcoholic Beverages,Decile 5 - US$ million,"5,848.20","7,670.00","8,675.40","10,030.00","10,148.40","13,232.90","15,364.40","15,945.30","15,873.20","15,465.70","14,863.40","15,432.90"
Indonesia,Consumer Expenditure on Food and Non-Alcoholic Beverages,Decile 6 - US$ million,"6,352.00","8,282.80","9,418.20","10,875.20","11,050.80","14,439.20","16,873.70","17,509.20","17,440.00","17,018.90","16,360.30","16,991.60"
Indonesia,Consumer Expenditure on Food and Non-Alcoholic Beverages,Decile 7 - US$ million,"6,888.90","8,931.40","10,208.90","11,773.90","12,015.00","15,730.70","18,500.50","19,193.90","19,128.30","18,694.50","17,974.40","18,672.70"
Indonesia,Consumer Expenditure on Food and Non-Alcoholic Beverages,Decile 8 - US$ million,"7,514.00","9,681.20","11,129.00","12,817.90","13,140.90","17,242.40","20,418.80","21,179.30","21,117.90","20,671.40","19,877.70","20,655.40"
Indonesia,Consumer Expenditure on Food and Non-Alcoholic Beverages,Decile 9 - US$ million,"8,358.20","10,684.50","12,370.30","14,223.70","14,666.70","19,297.00","23,049.60","23,900.00","23,844.50","23,383.80","22,487.20","23,374.00"
Indonesia,Consumer Expenditure on Food and Non-Alcoholic Beverages,Decile 10 - US$ million,"10,379.60","13,029.70","15,337.40","17,562.30","18,350.30","24,295.10","29,602.50","30,663.90","30,623.50","30,148.80","28,982.50","30,146.90"
Indonesia,Consumer Expenditure on Food and Non-Alcoholic Beverages,Total - US$ million,"62,443.20","81,160.70","92,547.80","106,789.40","108,791.20","142,328.20","167,071.50","173,302.10","172,635.90","168,604.60","162,032.60","168,307.50"
Indonesia,Consumer Expenditure on Food and Non-Alcoholic Beverages,Decile 1 - US$ per household,505.4,684.8,730.6,842.2,811.6,"1,026.50","1,114.40","1,141.70","1,115.20","1,057.70","1,000.40","1,023.60"
Indonesia,Consumer Expenditure on Food and Non-Alcoholic Beverages,Decile 2 - US$ per household,718.2,951.1,"1,036.70","1,188.70","1,165.10","1,486.00","1,655.60","1,696.00","1,661.30","1,586.40","1,503.20","1,540.00"
Indonesia,Consumer Expenditure on Food and Non-Alcoholic Beverages,Decile 3 - US$ per household,838.5,"1,098.50","1,209.30","1,383.30","1,366.70","1,749.80","1,973.40","2,021.30","1,982.50","1,899.10","1,800.90","1,846.00"
Indonesia,Consumer Expenditure on Food and Non-Alcoholic Beverages,Decile 4 - US$ per household,936,"1,217.00","1,349.20","1,540.70","1,530.90","1,965.30","2,235.60","2,289.60","2,247.60","2,157.70","2,047.10","2,099.20"
Indonesia,Consumer Expenditure on Food and Non-Alcoholic Beverages,Decile 5 - US$ per household,"1,025.20","1,324.60","1,477.00","1,684.30","1,681.40","2,163.50","2,478.60","2,538.10","2,493.20","2,397.80","2,275.50","2,334.20"
Indonesia,Consumer Expenditure on Food and Non-Alcoholic Beverages,Decile 6 - US$ per household,"1,113.50","1,430.40","1,603.40","1,826.20","1,831.00","2,360.70","2,722.10","2,787.00","2,739.30","2,638.60","2,504.70","2,569.90"
Indonesia,Consumer Expenditure on Food and Non-Alcoholic Beverages,Decile 7 - US$ per household,"1,207.70","1,542.40","1,738.10","1,977.10","1,990.70","2,571.90","2,984.50","3,055.20","3,004.50","2,898.40","2,751.80","2,824.20"
Indonesia,Consumer Expenditure on Food and Non-Alcoholic Beverages,Decile 8 - US$ per household,"1,317.20","1,671.90","1,894.70","2,152.50","2,177.30","2,819.00","3,294.00","3,371.20","3,317.00","3,204.90","3,043.20","3,124.00"
Indonesia,Consumer Expenditure on Food and Non-Alcoholic Beverages,Decile 9 - US$ per household,"1,465.20","1,845.20","2,106.00","2,388.50","2,430.10","3,154.90","3,718.40","3,804.20","3,745.30","3,625.40","3,442.70","3,535.20"
Indonesia,Consumer Expenditure on Food and Non-Alcoholic Beverages,Decile 10 - US$ per household,"1,819.60","2,250.10","2,611.20","2,949.20","3,040.40","3,972.10","4,775.50","4,880.90","4,810.00","4,674.20","4,437.10","4,559.60"
Indonesia,Consumer Expenditure on Food and Non-Alcoholic Beverages,Total - US$ per household,"1,094.70","1,401.60","1,575.60","1,793.30","1,802.50","2,327.00","2,695.20","2,758.50","2,711.60","2,614.00","2,480.70","2,545.60"
Indonesia,Consumer Expenditure on Alcoholic Beverages and Tobacco,Decile 1 - US$ million,576,751.4,696.9,852.4,849.5,"1,039.60","1,076.50","1,130.60","1,109.40","1,030.40",973.6,997
Indonesia,Consumer Expenditure on Alcoholic Beverages and Tobacco,Decile 2 - US$ million,786.5,978,949.4,"1,145.30","1,182.10","1,473.70","1,618.00","1,699.20","1,677.60","1,581.50","1,500.10","1,541.80"
Indonesia,Consumer Expenditure on Alcoholic Beverages and Tobacco,Decile 3 - US$ million,901.7,"1,097.20","1,087.30","1,303.40","1,367.10","1,718.80","1,938.90","2,036.00","2,015.80","1,913.30","1,817.90","1,871.70"
Indonesia,Consumer Expenditure on Alcoholic Beverages and Tobacco,Decile 4 - US$ million,993.6,"1,190.20","1,197.00","1,428.50","1,515.60","1,917.20","2,205.00","2,315.20","2,296.80","2,190.60","2,083.80","2,148.00"
Indonesia,Consumer Expenditure on Alcoholic Beverages and Tobacco,Decile 5 - US$ million,"1,076.40","1,272.70","1,295.80","1,540.70","1,650.40","2,098.40","2,452.60","2,574.90","2,558.50","2,450.00","2,332.80","2,406.90"
Indonesia,Consumer Expenditure on Alcoholic Beverages and Tobacco,Decile 6 - US$ million,"1,157.40","1,352.40","1,392.30","1,649.90","1,783.00","2,277.50","2,701.70","2,835.90","2,821.90","2,712.10","2,584.30","2,668.80"
Indonesia,Consumer Expenditure on Alcoholic Beverages and Tobacco,Decile 7 - US$ million,"1,242.70","1,435.10","1,493.90","1,764.40","1,923.40","2,468.00","2,971.00","3,118.10","3,107.00","2,996.80","2,857.70","2,953.60"
Indonesia,Consumer Expenditure on Alcoholic Beverages and Tobacco,Decile 8 - US$ million,"1,340.90","1,528.90","1,610.60","1,895.40","2,085.70","2,689.70","3,289.70","3,451.90","3,444.60","3,335.10","3,182.50","3,292.40"
Indonesia,Consumer Expenditure on Alcoholic Beverages and Tobacco,Decile 9 - US$ million,"1,471.50","1,651.50","1,765.80","2,068.80","2,303.30","2,988.60","3,728.70","3,911.20","3,909.70","3,803.20","3,631.90","3,761.70"
Indonesia,Consumer Expenditure on Alcoholic Beverages and Tobacco,Decile 10 - US$ million,"1,776.70","1,927.10","2,127.30","2,468.00","2,818.30","3,706.20","4,830.50","5,062.00","5,077.70","4,988.40","4,769.20","4,952.10"
Indonesia,Consumer Expenditure on Alcoholic Beverages and Tobacco,Total - US$ million,"11,323.30","13,184.50","13,616.40","16,116.80","17,478.40","22,377.60","26,812.60","28,134.90","28,019.00","27,001.40","25,733.80","26,593.90"
Indonesia,Consumer Expenditure on Alcoholic Beverages and Tobacco,Decile 1 - US$ per household,101,129.8,118.6,143.1,140.8,170,173.7,180,174.3,159.8,149,150.8
Indonesia,Consumer Expenditure on Alcoholic Beverages and Tobacco,Decile 2 - US$ per household,137.9,168.9,161.6,192.3,195.9,240.9,261,270.5,263.5,245.2,229.7,233.2
Indonesia,Consumer Expenditure on Alcoholic Beverages and Tobacco,Decile 3 - US$ per household,158.1,189.5,185.1,218.9,226.5,281,312.8,324.1,316.6,296.6,278.3,283.1
Indonesia,Consumer Expenditure on Alcoholic Beverages and Tobacco,Decile 4 - US$ per household,174.2,205.5,203.8,239.9,251.1,313.5,355.7,368.5,360.8,339.6,319,324.9
Indonesia,Consumer Expenditure on Alcoholic Beverages and Tobacco,Decile 5 - US$ per household,188.7,219.8,220.6,258.7,273.4,343.1,395.7,409.8,401.9,379.8,357.1,364
Indonesia,Consumer Expenditure on Alcoholic Beverages and Tobacco,Decile 6 - US$ per household,202.9,233.6,237,277.1,295.4,372.4,435.8,451.4,443.2,420.5,395.7,403.6
Indonesia,Consumer Expenditure on Alcoholic Beverages and Tobacco,Decile 7 - US$ per household,217.9,247.8,254.3,296.3,318.7,403.5,479.3,496.3,488,464.6,437.5,446.7
Indonesia,Consumer Expenditure on Alcoholic Beverages and Tobacco,Decile 8 - US$ per household,235.1,264,274.2,318.3,345.6,439.7,530.7,549.4,541,517.1,487.2,498
Indonesia,Consumer Expenditure on Alcoholic Beverages and Tobacco,Decile 9 - US$ per household,258,285.2,300.6,347.4,381.6,488.6,601.5,622.6,614.1,589.6,556,568.9
Indonesia,Consumer Expenditure on Alcoholic Beverages and Tobacco,Decile 10 - US$ per household,311.5,332.8,362.2,414.4,466.9,605.9,779.3,805.7,797.5,773.4,730.1,749
Indonesia,Consumer Expenditure on Alcoholic Beverages and Tobacco,Total - US$ per household,198.5,227.7,231.8,270.6,289.6,365.9,432.5,447.8,440.1,418.6,394,402.2
,,,,,,,,,,,,,,
Note: The data is at current prices and converted using year-on-year exchanges rates.,,,,,,,,,,,,,,
,,,,,,,,,,,,,,
© Euromonitor International,,,,,,,,,,,,,,
