Geographies,Categories,Consumer Expenditure by Income,2005,2006,2007,2008,2009,2010,2011,2012,2013,2014,2015,2016
Indonesia,Consumer Expenditure on Clothing and Footwear,Decile 1 - US$ million,210.4,264,275,282.9,249.2,313.9,288.7,296.3,287.7,262.4,247.3,252.7
Indonesia,Consumer Expenditure on Clothing and Footwear,Decile 2 - US$ million,385.3,457,502.8,508.6,466.2,599,586.2,602,588.6,545.8,516.9,530.2
Indonesia,Consumer Expenditure on Clothing and Footwear,Decile 3 - US$ million,504.8,582.8,657.9,660.3,616.9,800.1,806.5,828.2,812.5,759.4,720.6,740.6
Indonesia,Consumer Expenditure on Clothing and Footwear,Decile 4 - US$ million,612.4,693.5,797.6,795.9,753.8,984.3,1013.8,1041,1023.7,962.1,914.3,940.9
Indonesia,Consumer Expenditure on Clothing and Footwear,Decile 5 - US$ million,719.2,801.4,936.2,929.7,890.6,1169.7,1226.5,1259.4,1240.8,1171.6,1114.7,1148.3
Indonesia,Consumer Expenditure on Clothing and Footwear,Decile 6 - US$ million,832.9,914.3,1083.5,1071.3,1037.2,1369.3,1460,1498.9,1479.3,1402.7,1335.9,1377.5
Indonesia,Consumer Expenditure on Clothing and Footwear,Decile 7 - US$ million,962.7,1041,1251.6,1232,1205.4,1599.9,1734.4,1780.4,1760,1675.9,1597.4,1648.8
Indonesia,Consumer Expenditure on Clothing and Footwear,Decile 8 - US$ million,1125.1,1196.8,1461.7,1431.8,1417.3,1892,2089,2143.8,2123,2030.5,1936.9,2001.4
Indonesia,Consumer Expenditure on Clothing and Footwear,Decile 9 - US$ million,1363.8,1420.6,1770.2,1723.3,1731.1,2327.9,2630.5,2698.5,2677.7,2575.1,2458.4,2543.7
Indonesia,Consumer Expenditure on Clothing and Footwear,Decile 10 - US$ million,2026.3,2012.8,2625.2,2518.8,2616.2,3577.9,4266.3,4370.6,4354.6,4237.9,4049.8,4203.4
Indonesia,Consumer Expenditure on Clothing and Footwear,Total - US$ million,8742.8,9384.2,11361.7,11154.6,10984.1,14633.9,16101.9,16519.1,16347.8,15623.3,14892.2,15387.6
Indonesia,Consumer Expenditure on Clothing and Footwear,Decile 1 - US$ per household,36.9,45.6,46.8,47.5,41.3,51.3,46.6,47.2,45.2,40.7,37.9,38.2
Indonesia,Consumer Expenditure on Clothing and Footwear,Decile 2 - US$ per household,67.5,78.9,85.6,85.4,77.3,97.9,94.6,95.8,92.5,84.6,79.1,80.2
Indonesia,Consumer Expenditure on Clothing and Footwear,Decile 3 - US$ per household,88.5,100.6,112,110.9,102.2,130.8,130.1,131.8,127.6,117.7,110.3,112
Indonesia,Consumer Expenditure on Clothing and Footwear,Decile 4 - US$ per household,107.4,119.8,135.8,133.7,124.9,160.9,163.5,165.7,160.8,149.2,140,142.3
Indonesia,Consumer Expenditure on Clothing and Footwear,Decile 5 - US$ per household,126.1,138.4,159.4,156.1,147.6,191.2,197.9,200.5,194.9,181.6,170.7,173.7
Indonesia,Consumer Expenditure on Clothing and Footwear,Decile 6 - US$ per household,146,157.9,184.5,179.9,171.8,223.9,235.5,238.6,232.4,217.5,204.5,208.3
Indonesia,Consumer Expenditure on Clothing and Footwear,Decile 7 - US$ per household,168.8,179.8,213.1,206.9,199.7,261.6,279.8,283.4,276.4,259.8,244.5,249.4
Indonesia,Consumer Expenditure on Clothing and Footwear,Decile 8 - US$ per household,197.2,206.7,248.9,240.4,234.8,309.3,337,341.2,333.5,314.8,296.5,302.7
Indonesia,Consumer Expenditure on Clothing and Footwear,Decile 9 - US$ per household,239.1,245.3,301.4,289.4,286.8,380.6,424.4,429.5,420.6,399.2,376.4,384.7
Indonesia,Consumer Expenditure on Clothing and Footwear,Decile 10 - US$ per household,355.2,347.6,446.9,423,433.5,585,688.2,695.7,684,657,620,635.7
Indonesia,Consumer Expenditure on Clothing and Footwear,Total - US$ per household,153.3,162.1,193.4,187.3,182,239.3,259.8,262.9,256.8,242.2,228,232.7
Indonesia,Consumer Expenditure on Housing,Decile 1 - US$ million,1611.5,2072.1,2539,2949.5,2945.7,3695.8,4110.6,4310.3,4297.2,4173.1,4026.8,4199.2
Indonesia,Consumer Expenditure on Housing,Decile 2 - US$ million,2182.1,2751.8,3434.9,3973.7,4026.9,5089.6,5790.8,6071.4,6067.6,5926.9,5728.3,5980.6
Indonesia,Consumer Expenditure on Housing,Decile 3 - US$ million,2492.2,3114.9,3921.1,4527.9,4619.7,5858.5,6736,7061.7,7064.8,6919.5,6692,6990.4
Indonesia,Consumer Expenditure on Housing,Decile 4 - US$ million,2738.4,3401,4306.7,4966.8,5091.9,6472.6,7497.2,7858.9,7868,7720.3,7469.5,7805.2
Indonesia,Consumer Expenditure on Housing,Decile 5 - US$ million,2959.7,3656.8,4653.2,5361,5517.8,7027.6,8189.4,8583.5,8598.2,8449.2,8177,8546.8
Indonesia,Consumer Expenditure on Housing,Decile 6 - US$ million,3175.7,3905.1,4991.1,5745.1,5934.4,7571.4,8871.6,9297.2,9317.5,9167.9,8874.5,9277.8
Indonesia,Consumer Expenditure on Housing,Decile 7 - US$ million,3402.6,4164.6,5345.8,6148,6373,8145,9595.1,10053.9,10080.1,9930.4,9614,10053.1
Indonesia,Consumer Expenditure on Housing,Decile 8 - US$ million,3662.9,4460.5,5752.4,6609.4,6877.6,8806,10433.8,10930.5,10963.5,10814.5,10470.9,10951.5
Indonesia,Consumer Expenditure on Housing,Decile 9 - US$ million,4008.3,4850.3,6291.6,7220.4,7549.3,9688.1,11561.2,12107.9,12149.9,12002.5,11621.5,12157.9
Indonesia,Consumer Expenditure on Housing,Decile 10 - US$ million,4810.6,5737.1,7542.1,8630.3,9121.2,11765.8,14270.1,14931.8,14994.5,14857.8,14380.9,15052.9
Indonesia,Consumer Expenditure on Housing,Total - US$ million,31044,38114.2,48778,56132.1,58057.6,74120.4,87055.9,91207,91401.2,89962.1,87055.4,91015.4
Indonesia,Consumer Expenditure on Housing,Decile 1 - US$ per household,282.5,357.8,432.3,495.3,488.1,604.2,663.1,686.1,675,647,616.5,635.1
Indonesia,Consumer Expenditure on Housing,Decile 2 - US$ per household,382.5,475.2,584.8,667.3,667.2,832.1,934.2,966.4,953,918.9,877,904.5
Indonesia,Consumer Expenditure on Housing,Decile 3 - US$ per household,436.9,537.9,667.6,760.3,765.4,957.8,1086.7,1124,1109.7,1072.8,1024.5,1057.3
Indonesia,Consumer Expenditure on Housing,Decile 4 - US$ per household,480,587.3,733.2,834.1,843.7,1058.2,1209.5,1250.9,1235.8,1196.9,1143.6,1180.5
Indonesia,Consumer Expenditure on Housing,Decile 5 - US$ per household,518.9,631.5,792.2,900.3,914.2,1149,1321.1,1366.3,1350.5,1310,1251.9,1292.7
Indonesia,Consumer Expenditure on Housing,Decile 6 - US$ per household,556.7,674.4,849.7,964.8,983.2,1237.9,1431.2,1479.9,1463.5,1421.4,1358.6,1403.2
Indonesia,Consumer Expenditure on Housing,Decile 7 - US$ per household,596.5,719.2,910.1,1032.4,1055.9,1331.7,1547.9,1600.3,1583.3,1539.6,1471.9,1520.5
Indonesia,Consumer Expenditure on Housing,Decile 8 - US$ per household,642.1,770.3,979.3,1109.9,1139.5,1439.7,1683.2,1739.8,1722,1676.7,1603.1,1656.4
Indonesia,Consumer Expenditure on Housing,Decile 9 - US$ per household,702.7,837.6,1071.1,1212.5,1250.8,1583.9,1865.1,1927.2,1908.4,1860.9,1779.2,1838.8
Indonesia,Consumer Expenditure on Housing,Decile 10 - US$ per household,843.3,990.8,1284,1449.3,1511.3,1923.6,2302.1,2376.7,2355.2,2303.5,2201.7,2276.7
Indonesia,Consumer Expenditure on Housing,Total - US$ per household,544.2,658.2,830.4,942.6,961.9,1211.8,1404.4,1451.8,1435.6,1394.8,1332.8,1376.6
Indonesia,Consumer Expenditure on Household Goods and Services,Decile 1 - US$ million,160.2,224.4,252.6,301.9,283.8,346.1,350.5,367.1,361.8,342.4,328.2,340
Indonesia,Consumer Expenditure on Household Goods and Services,Decile 2 - US$ million,290.5,387.6,456.8,538.1,523.2,648.3,691,723.9,717.7,688.5,662.4,688.2
Indonesia,Consumer Expenditure on Household Goods and Services,Decile 3 - US$ million,378.8,493.9,594.7,696,687.7,858.5,937.8,982.4,976.7,943.1,908.9,945.5
Indonesia,Consumer Expenditure on Household Goods and Services,Decile 4 - US$ million,458,587.3,718.4,836.7,836.3,1049.8,1167.2,1222.6,1217.8,1181.4,1139.8,1186.9
Indonesia,Consumer Expenditure on Household Goods and Services,Decile 5 - US$ million,536.4,678.3,840.6,975.1,984.2,1241,1400.5,1466.9,1463.4,1425.2,1376.1,1434.1
Indonesia,Consumer Expenditure on Household Goods and Services,Decile 6 - US$ million,619.6,773.4,970.1,1121.2,1141.9,1446,1654.4,1732.5,1730.8,1691.5,1634.3,1704.4
Indonesia,Consumer Expenditure on Household Goods and Services,Decile 7 - US$ million,714.3,880.2,1117.5,1286.7,1322.3,1681.5,1950.5,2042.3,2043,2003.3,1936.8,2021.3
Indonesia,Consumer Expenditure on Household Goods and Services,Decile 8 - US$ million,832.5,1011.3,1301.2,1492.1,1548.6,1978.4,2329.8,2438.8,2443,2404.3,2325.7,2429
Indonesia,Consumer Expenditure on Household Goods and Services,Decile 9 - US$ million,1005.6,1199.6,1569.9,1790.8,1882.1,2418.6,2903.5,3038.1,3048.1,3013.3,2916.2,3048.7
Indonesia,Consumer Expenditure on Household Goods and Services,Decile 10 - US$ million,1483.3,1697.3,2310,2602.3,2815.1,3667.7,4606.1,4812.7,4843.9,4835.3,4680.7,4904.7
Indonesia,Consumer Expenditure on Household Goods and Services,Total - US$ million,6479.3,7933.3,10131.8,11640.9,12025.2,15336,17991.3,18827.4,18846.1,18528.2,17909.2,18702.7
Indonesia,Consumer Expenditure on Household Goods and Services,Decile 1 - US$ per household,28.1,38.8,43,50.7,47,56.6,56.5,58.4,56.8,53.1,50.2,51.4
Indonesia,Consumer Expenditure on Household Goods and Services,Decile 2 - US$ per household,50.9,66.9,77.8,90.4,86.7,106,111.5,115.2,112.7,106.7,101.4,104.1
Indonesia,Consumer Expenditure on Household Goods and Services,Decile 3 - US$ per household,66.4,85.3,101.3,116.9,113.9,140.4,151.3,156.4,153.4,146.2,139.1,143
Indonesia,Consumer Expenditure on Household Goods and Services,Decile 4 - US$ per household,80.3,101.4,122.3,140.5,138.6,171.6,188.3,194.6,191.3,183.2,174.5,179.5
Indonesia,Consumer Expenditure on Household Goods and Services,Decile 5 - US$ per household,94,117.1,143.1,163.7,163.1,202.9,225.9,233.5,229.9,221,210.7,216.9
Indonesia,Consumer Expenditure on Household Goods and Services,Decile 6 - US$ per household,108.6,133.6,165.2,188.3,189.2,236.4,266.9,275.8,271.9,262.2,250.2,257.8
Indonesia,Consumer Expenditure on Household Goods and Services,Decile 7 - US$ per household,125.2,152,190.3,216.1,219.1,274.9,314.7,325.1,320.9,310.6,296.5,305.7
Indonesia,Consumer Expenditure on Household Goods and Services,Decile 8 - US$ per household,145.9,174.6,221.5,250.6,256.6,323.5,375.9,388.2,383.7,372.8,356.1,367.4
Indonesia,Consumer Expenditure on Household Goods and Services,Decile 9 - US$ per household,176.3,207.2,267.3,300.7,311.8,395.4,468.4,483.6,478.8,467.2,446.5,461.1
Indonesia,Consumer Expenditure on Household Goods and Services,Decile 10 - US$ per household,260,293.1,393.3,437,466.4,599.6,743.1,766.1,760.8,749.7,716.6,741.8
Indonesia,Consumer Expenditure on Household Goods and Services,Total - US$ per household,113.6,137,172.5,195.5,199.2,250.7,290.2,299.7,296,287.3,274.2,282.9
Indonesia,Consumer Expenditure on Health Goods and Medical Services,Decile 1 - US$ million,116.5,170.7,183.3,195.6,200,248.3,231.8,257.3,259.3,245.2,240.4,252
Indonesia,Consumer Expenditure on Health Goods and Medical Services,Decile 2 - US$ million,213.9,300.7,336.3,354.4,373.5,470.7,459.2,510.1,516.8,494.3,486.4,511.4
Indonesia,Consumer Expenditure on Health Goods and Medical Services,Decile 3 - US$ million,280.5,386.5,440.8,461.8,493.8,626.7,624.6,693.9,704.8,677.8,668.2,703.4
Indonesia,Consumer Expenditure on Health Goods and Medical Services,Decile 4 - US$ million,340.5,462.5,534.9,558.1,603,769.3,778.7,865.2,880.2,849.9,838.7,883.7
Indonesia,Consumer Expenditure on Health Goods and Medical Services,Decile 5 - US$ million,400.1,537,628.5,653.3,712.1,912.5,935.6,1039.6,1059.1,1025.9,1013.3,1068.5
Indonesia,Consumer Expenditure on Health Goods and Medical Services,Decile 6 - US$ million,463.6,615.3,728,754.4,828.9,1066.5,1106.5,1229.6,1254.2,1218.4,1204.2,1270.7
Indonesia,Consumer Expenditure on Health Goods and Medical Services,Decile 7 - US$ million,536.1,703.6,841.7,869.3,963,1244,1306.2,1451.5,1482.2,1444,1428.1,1507.9
Indonesia,Consumer Expenditure on Health Goods and Medical Services,Decile 8 - US$ million,627,812.6,984,1012.5,1131.7,1468.4,1562.4,1735.9,1774.8,1734.2,1716.1,1813.4
Indonesia,Consumer Expenditure on Health Goods and Medical Services,Decile 9 - US$ million,760.5,970.2,1193.1,1221.9,1381.4,1802.6,1950.4,2166.6,2218.1,2175.4,2153.8,2278
Indonesia,Consumer Expenditure on Health Goods and Medical Services,Decile 10 - US$ million,1131.6,1391,1773.8,1796.1,2084.9,2757.3,3105.3,3446,3537.3,3497.2,3463.9,3671.7
Indonesia,Consumer Expenditure on Health Goods and Medical Services,Total - US$ million,4870.3,6350.3,7644.2,7877.4,8772.4,11366.2,12060.7,13395.7,13686.7,13362.2,13213,13960.7
Indonesia,Consumer Expenditure on Health Goods and Medical Services,Decile 1 - US$ per household,20.4,29.5,31.2,32.8,33.1,40.6,37.4,41,40.7,38,36.8,38.1
Indonesia,Consumer Expenditure on Health Goods and Medical Services,Decile 2 - US$ per household,37.5,51.9,57.2,59.5,61.9,76.9,74.1,81.2,81.2,76.6,74.5,77.3
Indonesia,Consumer Expenditure on Health Goods and Medical Services,Decile 3 - US$ per household,49.2,66.7,75,77.5,81.8,102.5,100.8,110.5,110.7,105.1,102.3,106.4
Indonesia,Consumer Expenditure on Health Goods and Medical Services,Decile 4 - US$ per household,59.7,79.9,91.1,93.7,99.9,125.8,125.6,137.7,138.3,131.8,128.4,133.7
Indonesia,Consumer Expenditure on Health Goods and Medical Services,Decile 5 - US$ per household,70.1,92.7,107,109.7,118,149.2,150.9,165.5,166.4,159.1,155.1,161.6
Indonesia,Consumer Expenditure on Health Goods and Medical Services,Decile 6 - US$ per household,81.3,106.3,123.9,126.7,137.3,174.4,178.5,195.7,197,188.9,184.4,192.2
Indonesia,Consumer Expenditure on Health Goods and Medical Services,Decile 7 - US$ per household,94,121.5,143.3,146,159.6,203.4,210.7,231,232.8,223.9,218.6,228.1
Indonesia,Consumer Expenditure on Health Goods and Medical Services,Decile 8 - US$ per household,109.9,140.3,167.5,170,187.5,240.1,252,276.3,278.8,268.9,262.7,274.3
Indonesia,Consumer Expenditure on Health Goods and Medical Services,Decile 9 - US$ per household,133.3,167.6,203.1,205.2,228.9,294.7,314.6,344.9,348.4,337.3,329.7,344.5
Indonesia,Consumer Expenditure on Health Goods and Medical Services,Decile 10 - US$ per household,198.4,240.2,302,301.6,345.4,450.8,500.9,548.5,555.6,542.2,530.3,555.3
Indonesia,Consumer Expenditure on Health Goods and Medical Services,Total - US$ per household,85.4,109.7,130.1,132.3,145.3,185.8,194.6,213.2,215,207.2,202.3,211.2
Indonesia,Consumer Expenditure on Transport,Decile 1 - US$ million,521.1,712.3,795.1,939.4,884.9,1061.6,1069.7,1115.6,1100.6,1046.3,999.7,1033.1
Indonesia,Consumer Expenditure on Transport,Decile 2 - US$ million,912.1,1194.3,1396.7,1628.5,1581.1,1933.3,2049.7,2137.8,2119.2,2037.3,1954.8,2026.9
Indonesia,Consumer Expenditure on Transport,Decile 3 - US$ million,1170.4,1501.6,1795,2079.9,2048.6,2527.5,2745.6,2863.6,2845.2,2749.7,2643.5,2745.1
Indonesia,Consumer Expenditure on Transport,Decile 4 - US$ million,1399,1768.6,2147.9,2477.5,2465.8,3062,3385,3530.3,3513.1,3407.9,3280.5,3410.4
Indonesia,Consumer Expenditure on Transport,Decile 5 - US$ million,1622.7,2026.1,2493.5,2865.3,2876.7,3591.7,4029.5,4201.9,4186.8,4073.9,3925.7,4084.7
Indonesia,Consumer Expenditure on Transport,Decile 6 - US$ million,1857.8,2293.3,2857,3271.6,3311.2,4154.9,4725.1,4926.6,4914.3,4795.1,4624.6,4815.9
Indonesia,Consumer Expenditure on Transport,Decile 7 - US$ million,2123,2590.8,3267.4,3728.5,3804.2,4797.3,5530.2,5765.1,5756.8,5632.3,5436.3,5665.8
Indonesia,Consumer Expenditure on Transport,Decile 8 - US$ million,2450.7,2953.3,3774.8,4291.1,4417.1,5600.8,6553.3,6829.9,6827.5,6699.1,6470.6,6749.8
Indonesia,Consumer Expenditure on Transport,Decile 9 - US$ million,2925.4,3469.2,4510.4,5102,5311.2,6781.2,8085.9,8423.7,8431.4,8301.8,8024.6,8380.1
Indonesia,Consumer Expenditure on Transport,Decile 10 - US$ million,4209.2,4810.2,6503.3,7271,7767.9,10076.2,12557.1,13063.9,13107.3,13004.6,12581.1,13172.1
Indonesia,Consumer Expenditure on Transport,Total - US$ million,19191.5,23319.7,29541,33654.8,34468.5,43586.5,50731.2,52858.4,52802.3,51747.9,49941.4,52084
Indonesia,Consumer Expenditure on Transport,Decile 1 - US$ per household,91.3,123,135.4,157.8,146.6,173.6,172.6,177.6,172.9,162.2,153,156.3
Indonesia,Consumer Expenditure on Transport,Decile 2 - US$ per household,159.9,206.3,237.8,273.5,262,316.1,330.7,340.3,332.9,315.9,299.3,306.6
Indonesia,Consumer Expenditure on Transport,Decile 3 - US$ per household,205.2,259.3,305.6,349.3,339.4,413.2,442.9,455.8,446.9,426.3,404.7,415.2
Indonesia,Consumer Expenditure on Transport,Decile 4 - US$ per household,245.3,305.4,365.7,416,408.5,500.6,546.1,561.9,551.8,528.3,502.2,515.8
Indonesia,Consumer Expenditure on Transport,Decile 5 - US$ per household,284.5,349.9,424.5,481.2,476.6,587.2,650,668.8,657.6,631.6,601,617.8
Indonesia,Consumer Expenditure on Transport,Decile 6 - US$ per household,325.7,396,486.4,549.4,548.6,679.3,762.3,784.2,771.9,743.4,708,728.4
Indonesia,Consumer Expenditure on Transport,Decile 7 - US$ per household,372.2,447.4,556.3,626.1,630.3,784.3,892.1,917.6,904.2,873.2,832.3,856.9
Indonesia,Consumer Expenditure on Transport,Decile 8 - US$ per household,429.6,510,642.7,720.6,731.8,915.7,1057.2,1087.1,1072.4,1038.6,990.6,1020.9
Indonesia,Consumer Expenditure on Transport,Decile 9 - US$ per household,512.8,599.1,767.9,856.8,880,1108.7,1304.4,1340.8,1324.3,1287.1,1228.5,1267.5
Indonesia,Consumer Expenditure on Transport,Decile 10 - US$ per household,737.9,830.7,1107.2,1221,1287,1647.4,2025.7,2079.4,2058.8,2016.2,1926.1,1992.2
Indonesia,Consumer Expenditure on Transport,Total - US$ per household,336.4,402.7,502.9,565.2,571.1,712.6,818.4,841.4,829.4,802.3,764.6,787.7
Indonesia,Consumer Expenditure on Communications,Decile 1 - US$ million,133.4,201.8,221.8,275.9,253.3,309.7,296.2,316.1,313.9,294.5,283.4,293.7
Indonesia,Consumer Expenditure on Communications,Decile 2 - US$ million,231.9,326.1,382.9,466.2,450.5,563,582.7,621.8,623.5,598.4,578.8,603
Indonesia,Consumer Expenditure on Communications,Decile 3 - US$ million,296.5,403.3,488.2,588.5,582.4,735.6,790.1,843,849,823.7,798.6,833.8
Indonesia,Consumer Expenditure on Communications,Decile 4 - US$ million,353.6,469.3,580.8,695.1,699.9,890.6,982.7,1048.4,1059.1,1035.5,1005.6,1051.6
Indonesia,Consumer Expenditure on Communications,Decile 5 - US$ million,409.3,532.3,671,798.3,815.5,1044.2,1178.5,1257.1,1273.2,1252.8,1218.1,1275.7
Indonesia,Consumer Expenditure on Communications,Decile 6 - US$ million,467.7,597,765.4,905.6,937.5,1207.5,1391.4,1484,1506.4,1490.9,1451.2,1521.7
Indonesia,Consumer Expenditure on Communications,Decile 7 - US$ million,533.5,668.4,871.5,1025.5,1075.8,1393.6,1639.6,1748.3,1778.7,1770.5,1725.1,1811.2
Indonesia,Consumer Expenditure on Communications,Decile 8 - US$ million,614.6,754.4,1002,1172,1247.5,1626.3,1957.4,2086.5,2127.7,2131.2,2078.5,2185.1
Indonesia,Consumer Expenditure on Communications,Decile 9 - US$ million,731.8,875.5,1190.1,1381.6,1497.5,1967.9,2437.7,2597.2,2656.1,2680.8,2617.3,2756.2
Indonesia,Consumer Expenditure on Communications,Decile 10 - US$ million,1047.5,1183.9,1694.8,1933.9,2182.7,2920.7,3861.2,4107.7,4225.1,4335.4,4238.8,4481
Indonesia,Consumer Expenditure on Communications,Total - US$ million,4819.9,6011.9,7868.4,9242.7,9742.6,12659,15117.5,16110.3,16412.7,16413.8,15995.3,16813
Indonesia,Consumer Expenditure on Communications,Decile 1 - US$ per household,23.4,34.8,37.8,46.3,42,50.6,47.8,50.3,49.3,45.7,43.4,44.4
Indonesia,Consumer Expenditure on Communications,Decile 2 - US$ per household,40.6,56.3,65.2,78.3,74.6,92.1,94,99,97.9,92.8,88.6,91.2
Indonesia,Consumer Expenditure on Communications,Decile 3 - US$ per household,52,69.6,83.1,98.8,96.5,120.3,127.5,134.2,133.4,127.7,122.3,126.1
Indonesia,Consumer Expenditure on Communications,Decile 4 - US$ per household,62,81.1,98.9,116.7,116,145.6,158.5,166.9,166.4,160.5,153.9,159.1
Indonesia,Consumer Expenditure on Communications,Decile 5 - US$ per household,71.8,91.9,114.2,134.1,135.1,170.7,190.1,200.1,200,194.2,186.5,192.9
Indonesia,Consumer Expenditure on Communications,Decile 6 - US$ per household,82,103.1,130.3,152.1,155.3,197.4,224.5,236.2,236.6,231.1,222.2,230.1
Indonesia,Consumer Expenditure on Communications,Decile 7 - US$ per household,93.5,115.4,148.4,172.2,178.2,227.8,264.5,278.3,279.4,274.5,264.1,273.9
Indonesia,Consumer Expenditure on Communications,Decile 8 - US$ per household,107.7,130.3,170.6,196.8,206.7,265.9,315.8,332.1,334.2,330.4,318.2,330.5
Indonesia,Consumer Expenditure on Communications,Decile 9 - US$ per household,128.3,151.2,202.6,232,248.1,321.7,393.2,413.4,417.2,415.6,400.7,416.9
Indonesia,Consumer Expenditure on Communications,Decile 10 - US$ per household,183.6,204.4,288.5,324.8,361.7,477.5,622.9,653.8,663.6,672.2,648.9,677.7
Indonesia,Consumer Expenditure on Communications,Total - US$ per household,84.5,103.8,134,155.2,161.4,207,243.9,256.4,257.8,254.5,244.9,254.3
Indonesia,Consumer Expenditure on Leisure and Recreation,Decile 1 - US$ million,253.2,337.5,371.9,427.4,393.4,465.5,465,486.7,485.8,466.6,451.7,471.8
Indonesia,Consumer Expenditure on Leisure and Recreation,Decile 2 - US$ million,463.7,592.6,680.3,772.7,732.2,879.4,918.3,961.4,964.6,937.2,910.8,953.7
Indonesia,Consumer Expenditure on Leisure and Recreation,Decile 3 - US$ million,607.2,760.8,890.6,1005.8,966.6,1169.1,1247.4,1305.9,1313.4,1283.1,1249.1,1309.6
Indonesia,Consumer Expenditure on Leisure and Recreation,Decile 4 - US$ million,736.6,909.6,1080,1214.8,1179.2,1433.6,1553.4,1626.2,1638.3,1606.8,1565.9,1643.4
Indonesia,Consumer Expenditure on Leisure and Recreation,Decile 5 - US$ million,865,1055.2,1267.8,1421.2,1391.3,1698.8,1864.8,1952.2,1969.3,1937.7,1890,1984.9
Indonesia,Consumer Expenditure on Leisure and Recreation,Decile 6 - US$ million,1001.6,1208.2,1467.6,1640,1618.2,1983.6,2203.8,2306.8,2329.8,2299.1,2244.1,2358.4
Indonesia,Consumer Expenditure on Leisure and Recreation,Decile 7 - US$ million,1157.6,1380.6,1695.6,1888.7,1878.3,2311.7,2599.5,2720.6,2750.8,2722.2,2658.7,2796.1
Indonesia,Consumer Expenditure on Leisure and Recreation,Decile 8 - US$ million,1352.8,1593.3,1980.7,2198.6,2205.5,2726.2,3106.5,3250.6,3290.4,3266.1,3191.6,3359.1
Indonesia,Consumer Expenditure on Leisure and Recreation,Decile 9 - US$ million,1639.5,1900.5,2399.4,2651.3,2689.1,3342.6,3873.8,4051.9,4107.1,4091.7,4000.6,4214.3
Indonesia,Consumer Expenditure on Leisure and Recreation,Decile 10 - US$ million,2435.2,2719.3,3560.1,3891.1,4049.5,5100.2,6153.3,6427.9,6532.2,6560.3,6416.2,6774
Indonesia,Consumer Expenditure on Leisure and Recreation,Total - US$ million,10512.5,12457.5,15393.9,17111.6,17103.3,21110.8,23985.9,25090.1,25381.5,25170.8,24578.7,25865.4
Indonesia,Consumer Expenditure on Leisure and Recreation,Decile 1 - US$ per household,44.4,58.3,63.3,71.8,65.2,76.1,75,77.5,76.3,72.3,69.2,71.4
Indonesia,Consumer Expenditure on Leisure and Recreation,Decile 2 - US$ per household,81.3,102.3,115.8,129.8,121.3,143.8,148.1,153,151.5,145.3,139.4,144.2
Indonesia,Consumer Expenditure on Leisure and Recreation,Decile 3 - US$ per household,106.5,131.4,151.6,168.9,160.1,191.1,201.2,207.9,206.3,198.9,191.2,198.1
Indonesia,Consumer Expenditure on Leisure and Recreation,Decile 4 - US$ per household,129.1,157.1,183.9,204,195.4,234.4,250.6,258.9,257.3,249.1,239.7,248.6
Indonesia,Consumer Expenditure on Leisure and Recreation,Decile 5 - US$ per household,151.6,182.2,215.8,238.7,230.5,277.7,300.8,310.7,309.3,300.4,289.3,300.2
Indonesia,Consumer Expenditure on Leisure and Recreation,Decile 6 - US$ per household,175.6,208.6,249.9,275.4,268.1,324.3,355.5,367.2,365.9,356.4,343.6,356.7
Indonesia,Consumer Expenditure on Leisure and Recreation,Decile 7 - US$ per household,202.9,238.4,288.7,317.2,311.2,377.9,419.4,433,432.1,422,407,422.9
Indonesia,Consumer Expenditure on Leisure and Recreation,Decile 8 - US$ per household,237.1,275.2,337.2,369.2,365.4,445.7,501.1,517.4,516.8,506.4,488.6,508
Indonesia,Consumer Expenditure on Leisure and Recreation,Decile 9 - US$ per household,287.4,328.2,408.5,445.2,445.5,546.5,624.9,645,645.1,634.4,612.5,637.4
Indonesia,Consumer Expenditure on Leisure and Recreation,Decile 10 - US$ per household,426.9,469.6,606.1,653.4,670.9,833.8,992.7,1023.1,1026,1017.1,982.3,1024.5
Indonesia,Consumer Expenditure on Leisure and Recreation,Total - US$ per household,184.3,215.1,262.1,287.3,283.4,345.1,386.9,399.4,398.7,390.2,376.3,391.2
Indonesia,Consumer Expenditure on Education,Decile 1 - US$ million,118.8,179.9,199.6,257.3,258.5,324.2,332.7,359.8,362.4,347.5,334.9,347.8
Indonesia,Consumer Expenditure on Education,Decile 2 - US$ million,200.4,288.1,339.8,431.5,452.2,583.2,643,696.5,707,688.8,667.9,697.2
Indonesia,Consumer Expenditure on Education,Decile 3 - US$ million,252.9,354.8,430.6,543,580.3,758.3,864.8,937.4,954.9,937.2,911.5,953.7
Indonesia,Consumer Expenditure on Education,Decile 4 - US$ million,298.6,411.7,510,639.8,693.7,915,1069.3,1159.6,1184.2,1168.5,1138.6,1193.4
Indonesia,Consumer Expenditure on Education,Decile 5 - US$ million,342.8,465.8,587,733.3,804.6,1069.7,1275.9,1384.2,1416.5,1403.8,1370,1438.1
Indonesia,Consumer Expenditure on Education,Decile 6 - US$ million,388.8,521.2,667.3,830.3,921.2,1233.6,1499.5,1627.2,1668.2,1659.9,1622.1,1705
Indonesia,Consumer Expenditure on Education,Decile 7 - US$ million,440.2,582.2,757.2,938.5,1052.8,1420,1759,1909.2,1960.7,1958.6,1916.5,2017
Indonesia,Consumer Expenditure on Education,Decile 8 - US$ million,503.1,655.6,867.4,1070.4,1215.4,1652.3,2089.5,2268.4,2333.8,2341.2,2293.7,2417.4
Indonesia,Consumer Expenditure on Education,Decile 9 - US$ million,593,758.5,1025.5,1258.7,1450.9,1992.2,2586.1,2807.8,2895.2,2919.4,2864.3,3024
Indonesia,Consumer Expenditure on Education,Decile 10 - US$ million,831.2,1019.2,1446.4,1752.8,2090.4,2934.4,4042.3,4387.9,4544.6,4634.1,4556.9,4830.2
Indonesia,Consumer Expenditure on Education,Total - US$ million,3969.8,5236.9,6830.7,8455.6,9520.1,12882.9,16162,17538.2,18027.5,18058.9,17676.4,18623.7
Indonesia,Consumer Expenditure on Education,Decile 1 - US$ per household,20.8,31.1,34,43.2,42.8,53,53.7,57.3,56.9,53.9,51.3,52.6
Indonesia,Consumer Expenditure on Education,Decile 2 - US$ per household,35.1,49.8,57.9,72.5,74.9,95.4,103.7,110.9,111.1,106.8,102.3,105.5
Indonesia,Consumer Expenditure on Education,Decile 3 - US$ per household,44.3,61.3,73.3,91.2,96.2,124,139.5,149.2,150,145.3,139.5,144.2
Indonesia,Consumer Expenditure on Education,Decile 4 - US$ per household,52.3,71.1,86.8,107.4,114.9,149.6,172.5,184.6,186,181.2,174.3,180.5
Indonesia,Consumer Expenditure on Education,Decile 5 - US$ per household,60.1,80.4,99.9,123.1,133.3,174.9,205.8,220.3,222.5,217.6,209.7,217.5
Indonesia,Consumer Expenditure on Education,Decile 6 - US$ per household,68.2,90,113.6,139.4,152.6,201.7,241.9,259,262,257.3,248.3,257.9
Indonesia,Consumer Expenditure on Education,Decile 7 - US$ per household,77.2,100.5,128.9,157.6,174.4,232.2,283.8,303.9,308,303.7,293.4,305.1
Indonesia,Consumer Expenditure on Education,Decile 8 - US$ per household,88.2,113.2,147.7,179.8,201.4,270.1,337.1,361.1,366.6,363,351.2,365.6
Indonesia,Consumer Expenditure on Education,Decile 9 - US$ per household,104,131,174.6,211.4,240.4,325.7,417.2,446.9,454.7,452.6,438.5,457.4
Indonesia,Consumer Expenditure on Education,Decile 10 - US$ per household,145.7,176,246.2,294.3,346.4,479.8,652.1,698.4,713.8,718.5,697.6,730.5
Indonesia,Consumer Expenditure on Education,Total - US$ per household,69.6,90.4,116.3,142,157.7,210.6,260.7,279.2,283.2,280,270.6,281.7
Indonesia,Consumer Expenditure on Hotels and Catering,Decile 1 - US$ million,621.8,815.5,875,952.6,902,1066,1052.3,1098.3,1086.7,1047.8,1005.8,1044.9
Indonesia,Consumer Expenditure on Hotels and Catering,Decile 2 - US$ million,1078.6,1364.4,1522.7,1633.9,1584.5,1905.6,1960.1,2045.9,2031.5,1974.3,1903.3,1983.5
Indonesia,Consumer Expenditure on Hotels and Catering,Decile 3 - US$ million,1378.5,1713.7,1948.7,2076.8,2037.3,2470.3,2591.9,2705.3,2690.6,2624.8,2535.3,2645.9
Indonesia,Consumer Expenditure on Hotels and Catering,Decile 4 - US$ million,1642.8,2016.9,2324.5,2465.4,2438.6,2974.4,3165.7,3303.9,3289.6,3217.8,3112.1,3251.1
Indonesia,Consumer Expenditure on Hotels and Catering,Decile 5 - US$ million,1900.7,2309.1,2691.5,2843,2831.7,3471.1,3738.7,3901.5,3888.1,3811.6,3690,3858.1
Indonesia,Consumer Expenditure on Hotels and Catering,Decile 6 - US$ million,2171.1,2612.1,3076.5,3237.5,3245.5,3996.4,4352.3,4541.3,4529,4448.6,4310.4,4510.2
Indonesia,Consumer Expenditure on Hotels and Catering,Decile 7 - US$ million,2475.4,2949.3,3510.1,3679.9,3712.8,4592.7,5057.2,5275.8,5265.3,5181.6,5024.4,5261.3
Indonesia,Consumer Expenditure on Hotels and Catering,Decile 8 - US$ million,2850.4,3360,4044.9,4223.1,4291,5334.5,5945.7,6201.2,6193.2,6106.8,5925.9,6210.4
Indonesia,Consumer Expenditure on Hotels and Catering,Decile 9 - US$ million,3392,3943.9,4817.7,5003.4,5130,6417.9,7264.2,7573.3,7569.4,7481.7,7265.4,7622
Indonesia,Consumer Expenditure on Hotels and Catering,Decile 10 - US$ million,4849.6,5460,6900,7078,7412.8,9409.2,11045.7,11500.5,11510.7,11436.9,11116.1,11689.4
Indonesia,Consumer Expenditure on Hotels and Catering,Total - US$ million,22360.9,26544.8,31711.6,33193.6,33586.2,41638.1,46173.9,48146.9,48054.1,47332,45888.8,48076.9
Indonesia,Consumer Expenditure on Hotels and Catering,Decile 1 - US$ per household,109,140.8,149,160,149.4,174.3,169.8,174.8,170.7,162.4,154,158
Indonesia,Consumer Expenditure on Hotels and Catering,Decile 2 - US$ per household,189.1,235.6,259.2,274.4,262.5,311.5,316.2,325.7,319.1,306.1,291.4,300
Indonesia,Consumer Expenditure on Hotels and Catering,Decile 3 - US$ per household,241.7,295.9,331.8,348.8,337.6,403.9,418.1,430.6,422.6,407,388.1,400.2
Indonesia,Consumer Expenditure on Hotels and Catering,Decile 4 - US$ per household,288,348.3,395.7,414,404,486.3,510.7,525.9,516.7,498.9,476.4,491.7
Indonesia,Consumer Expenditure on Hotels and Catering,Decile 5 - US$ per household,333.2,398.8,458.2,477.4,469.2,567.5,603.1,621,610.7,590.9,564.9,583.5
Indonesia,Consumer Expenditure on Hotels and Catering,Decile 6 - US$ per household,380.6,451.1,523.8,543.7,537.7,653.4,702.1,722.8,711.4,689.7,659.9,682.2
Indonesia,Consumer Expenditure on Hotels and Catering,Decile 7 - US$ per household,433.9,509.3,597.6,618,615.2,750.9,815.8,839.8,827,803.3,769.2,795.8
Indonesia,Consumer Expenditure on Hotels and Catering,Decile 8 - US$ per household,499.7,580.2,688.6,709.2,711,872.2,959.2,987.1,972.8,946.8,907.2,939.3
Indonesia,Consumer Expenditure on Hotels and Catering,Decile 9 - US$ per household,594.6,681.1,820.2,840.2,850,1049.3,1171.9,1205.5,1188.9,1160,1112.3,1152.8
Indonesia,Consumer Expenditure on Hotels and Catering,Decile 10 - US$ per household,850.2,942.9,1174.7,1188.6,1228.2,1538.3,1781.9,1830.6,1808,1773.2,1701.8,1768
Indonesia,Consumer Expenditure on Hotels and Catering,Total - US$ per household,392,458.4,539.9,557.4,556.5,680.8,744.9,766.4,754.8,733.8,702.5,727.1
Indonesia,Consumer Expenditure on Miscellaneous Goods and Services,Decile 1 - US$ million,108,156.5,183.9,227.1,221.7,279.8,294.5,313,312.6,298.8,288,299.6
Indonesia,Consumer Expenditure on Miscellaneous Goods and Services,Decile 2 - US$ million,205.6,284.9,349.3,426.1,429.4,550.1,606.7,645.1,647.9,627.2,606.7,632.8
Indonesia,Consumer Expenditure on Miscellaneous Goods and Services,Decile 3 - US$ million,274.1,371.7,465.2,564.1,577.3,744.7,840.2,893.4,899.6,876.2,849,886.7
Indonesia,Consumer Expenditure on Miscellaneous Goods and Services,Decile 4 - US$ million,336.8,449.6,571.1,689.7,713.5,925.2,1061.1,1128.3,1138.2,1113.5,1080.1,1129
Indonesia,Consumer Expenditure on Miscellaneous Goods and Services,Decile 5 - US$ million,399.8,526.7,677.5,815.1,851.2,1108.5,1288.9,1370.5,1384.6,1359.4,1319.7,1380.5
Indonesia,Consumer Expenditure on Miscellaneous Goods and Services,Decile 6 - US$ million,467.6,608.4,791.8,949.5,1000.1,1307.6,1539.9,1637.2,1656.2,1631.4,1584.8,1659
Indonesia,Consumer Expenditure on Miscellaneous Goods and Services,Decile 7 - US$ million,545.7,701.5,923.5,1103.7,1172.6,1539.4,1836.2,1951.9,1977,1953.6,1899,1989.2
Indonesia,Consumer Expenditure on Miscellaneous Goods and Services,Decile 8 - US$ million,644.6,817.3,1089.9,1297.8,1391.9,1835.5,2220.3,2359.8,2393.2,2372.9,2307.7,2419.1
Indonesia,Consumer Expenditure on Miscellaneous Goods and Services,Decile 9 - US$ million,791.6,986.5,1337.3,1584.8,1720.4,2281.5,2809.9,2985.3,3032,3018.8,2937.3,3082
Indonesia,Consumer Expenditure on Miscellaneous Goods and Services,Decile 10 - US$ million,1208.8,1446.6,2038,2387.1,2665.6,3582.8,4606.3,4887.1,4978,5001.7,4867.5,5118.6
Indonesia,Consumer Expenditure on Miscellaneous Goods and Services,Total - US$ million,4982.8,6349.7,8427.4,10045,10743.8,14155,17104,18171.7,18419.3,18253.6,17739.9,18596.5
Indonesia,Consumer Expenditure on Miscellaneous Goods and Services,Decile 1 - US$ per household,18.9,27,31.3,38.1,36.7,45.7,47.5,49.8,49.1,46.3,44.1,45.3
Indonesia,Consumer Expenditure on Miscellaneous Goods and Services,Decile 2 - US$ per household,36,49.2,59.5,71.6,71.2,89.9,97.9,102.7,101.8,97.2,92.9,95.7
Indonesia,Consumer Expenditure on Miscellaneous Goods and Services,Decile 3 - US$ per household,48.1,64.2,79.2,94.7,95.6,121.8,135.5,142.2,141.3,135.9,130,134.1
Indonesia,Consumer Expenditure on Miscellaneous Goods and Services,Decile 4 - US$ per household,59.1,77.6,97.2,115.8,118.2,151.3,171.2,179.6,178.8,172.6,165.4,170.8
Indonesia,Consumer Expenditure on Miscellaneous Goods and Services,Decile 5 - US$ per household,70.1,91,115.3,136.9,141,181.2,207.9,218.2,217.5,210.8,202,208.8
Indonesia,Consumer Expenditure on Miscellaneous Goods and Services,Decile 6 - US$ per household,82,105.1,134.8,159.4,165.7,213.8,248.4,260.6,260.1,252.9,242.6,250.9
Indonesia,Consumer Expenditure on Miscellaneous Goods and Services,Decile 7 - US$ per household,95.7,121.1,157.2,185.3,194.3,251.7,296.2,310.7,310.5,302.9,290.7,300.9
Indonesia,Consumer Expenditure on Miscellaneous Goods and Services,Decile 8 - US$ per household,113,141.1,185.6,217.9,230.6,300.1,358.2,375.6,375.9,367.9,353.3,365.9
Indonesia,Consumer Expenditure on Miscellaneous Goods and Services,Decile 9 - US$ per household,138.8,170.4,227.7,266.1,285,373,453.3,475.2,476.2,468,449.7,466.1
Indonesia,Consumer Expenditure on Miscellaneous Goods and Services,Decile 10 - US$ per household,211.9,249.8,347,400.9,441.7,585.8,743.1,777.9,781.9,775.5,745.2,774.2
Indonesia,Consumer Expenditure on Miscellaneous Goods and Services,Total - US$ per household,87.4,109.7,143.5,168.7,178,231.4,275.9,289.2,289.3,283,271.6,281.3
Indonesia,Consumer Expenditure on Food and Non-Alcoholic Beverages,Decile 1 - US$ million,2883,3965.5,4291.3,5015.2,4898.4,6278.5,6908,7172.7,7100.2,6822.2,6534.5,6767.6
Indonesia,Consumer Expenditure on Food and Non-Alcoholic Beverages,Decile 2 - US$ million,4097,5507.4,6089.2,7078.7,7032.3,9088.9,10262.9,10654.9,10577,10232.4,9818.7,10182
Indonesia,Consumer Expenditure on Food and Non-Alcoholic Beverages,Decile 3 - US$ million,4783,6361.1,7103.3,8237.6,8248.9,10702.7,12232.9,12698.7,12621.9,12249.3,11762.9,12205.2
Indonesia,Consumer Expenditure on Food and Non-Alcoholic Beverages,Decile 4 - US$ million,5339.4,7047.1,7924.8,9174.8,9239.6,12020.8,13858.2,14384.1,14309.4,13917.4,13371,13879.1
Indonesia,Consumer Expenditure on Food and Non-Alcoholic Beverages,Decile 5 - US$ million,5848.2,7670,8675.4,10030,10148.4,13232.9,15364.4,15945.3,15873.2,15465.7,14863.4,15432.9
Indonesia,Consumer Expenditure on Food and Non-Alcoholic Beverages,Decile 6 - US$ million,6352,8282.8,9418.2,10875.2,11050.8,14439.2,16873.7,17509.2,17440,17018.9,16360.3,16991.6
Indonesia,Consumer Expenditure on Food and Non-Alcoholic Beverages,Decile 7 - US$ million,6888.9,8931.4,10208.9,11773.9,12015,15730.7,18500.5,19193.9,19128.3,18694.5,17974.4,18672.7
Indonesia,Consumer Expenditure on Food and Non-Alcoholic Beverages,Decile 8 - US$ million,7514,9681.2,11129,12817.9,13140.9,17242.4,20418.8,21179.3,21117.9,20671.4,19877.7,20655.4
Indonesia,Consumer Expenditure on Food and Non-Alcoholic Beverages,Decile 9 - US$ million,8358.2,10684.5,12370.3,14223.7,14666.7,19297,23049.6,23900,23844.5,23383.8,22487.2,23374
Indonesia,Consumer Expenditure on Food and Non-Alcoholic Beverages,Decile 10 - US$ million,10379.6,13029.7,15337.4,17562.3,18350.3,24295.1,29602.5,30663.9,30623.5,30148.8,28982.5,30146.9
Indonesia,Consumer Expenditure on Food and Non-Alcoholic Beverages,Total - US$ million,62443.2,81160.7,92547.8,106789.4,108791.2,142328.2,167071.5,173302.1,172635.9,168604.6,162032.6,168307.5
Indonesia,Consumer Expenditure on Food and Non-Alcoholic Beverages,Decile 1 - US$ per household,505.4,684.8,730.6,842.2,811.6,1026.5,1114.4,1141.7,1115.2,1057.7,1000.4,1023.6
Indonesia,Consumer Expenditure on Food and Non-Alcoholic Beverages,Decile 2 - US$ per household,718.2,951.1,1036.7,1188.7,1165.1,1486,1655.6,1696,1661.3,1586.4,1503.2,1540
Indonesia,Consumer Expenditure on Food and Non-Alcoholic Beverages,Decile 3 - US$ per household,838.5,1098.5,1209.3,1383.3,1366.7,1749.8,1973.4,2021.3,1982.5,1899.1,1800.9,1846
Indonesia,Consumer Expenditure on Food and Non-Alcoholic Beverages,Decile 4 - US$ per household,936,1217,1349.2,1540.7,1530.9,1965.3,2235.6,2289.6,2247.6,2157.7,2047.1,2099.2
Indonesia,Consumer Expenditure on Food and Non-Alcoholic Beverages,Decile 5 - US$ per household,1025.2,1324.6,1477,1684.3,1681.4,2163.5,2478.6,2538.1,2493.2,2397.8,2275.5,2334.2
Indonesia,Consumer Expenditure on Food and Non-Alcoholic Beverages,Decile 6 - US$ per household,1113.5,1430.4,1603.4,1826.2,1831,2360.7,2722.1,2787,2739.3,2638.6,2504.7,2569.9
Indonesia,Consumer Expenditure on Food and Non-Alcoholic Beverages,Decile 7 - US$ per household,1207.7,1542.4,1738.1,1977.1,1990.7,2571.9,2984.5,3055.2,3004.5,2898.4,2751.8,2824.2
Indonesia,Consumer Expenditure on Food and Non-Alcoholic Beverages,Decile 8 - US$ per household,1317.2,1671.9,1894.7,2152.5,2177.3,2819,3294,3371.2,3317,3204.9,3043.2,3124
Indonesia,Consumer Expenditure on Food and Non-Alcoholic Beverages,Decile 9 - US$ per household,1465.2,1845.2,2106,2388.5,2430.1,3154.9,3718.4,3804.2,3745.3,3625.4,3442.7,3535.2
Indonesia,Consumer Expenditure on Food and Non-Alcoholic Beverages,Decile 10 - US$ per household,1819.6,2250.1,2611.2,2949.2,3040.4,3972.1,4775.5,4880.9,4810,4674.2,4437.1,4559.6
Indonesia,Consumer Expenditure on Food and Non-Alcoholic Beverages,Total - US$ per household,1094.7,1401.6,1575.6,1793.3,1802.5,2327,2695.2,2758.5,2711.6,2614,2480.7,2545.6
Indonesia,Consumer Expenditure on Alcoholic Beverages and Tobacco,Decile 1 - US$ million,576,751.4,696.9,852.4,849.5,1039.6,1076.5,1130.6,1109.4,1030.4,973.6,997
Indonesia,Consumer Expenditure on Alcoholic Beverages and Tobacco,Decile 2 - US$ million,786.5,978,949.4,1145.3,1182.1,1473.7,1618,1699.2,1677.6,1581.5,1500.1,1541.8
Indonesia,Consumer Expenditure on Alcoholic Beverages and Tobacco,Decile 3 - US$ million,901.7,1097.2,1087.3,1303.4,1367.1,1718.8,1938.9,2036,2015.8,1913.3,1817.9,1871.7
Indonesia,Consumer Expenditure on Alcoholic Beverages and Tobacco,Decile 4 - US$ million,993.6,1190.2,1197,1428.5,1515.6,1917.2,2205,2315.2,2296.8,2190.6,2083.8,2148
Indonesia,Consumer Expenditure on Alcoholic Beverages and Tobacco,Decile 5 - US$ million,1076.4,1272.7,1295.8,1540.7,1650.4,2098.4,2452.6,2574.9,2558.5,2450,2332.8,2406.9
Indonesia,Consumer Expenditure on Alcoholic Beverages and Tobacco,Decile 6 - US$ million,1157.4,1352.4,1392.3,1649.9,1783,2277.5,2701.7,2835.9,2821.9,2712.1,2584.3,2668.8
Indonesia,Consumer Expenditure on Alcoholic Beverages and Tobacco,Decile 7 - US$ million,1242.7,1435.1,1493.9,1764.4,1923.4,2468,2971,3118.1,3107,2996.8,2857.7,2953.6
Indonesia,Consumer Expenditure on Alcoholic Beverages and Tobacco,Decile 8 - US$ million,1340.9,1528.9,1610.6,1895.4,2085.7,2689.7,3289.7,3451.9,3444.6,3335.1,3182.5,3292.4
Indonesia,Consumer Expenditure on Alcoholic Beverages and Tobacco,Decile 9 - US$ million,1471.5,1651.5,1765.8,2068.8,2303.3,2988.6,3728.7,3911.2,3909.7,3803.2,3631.9,3761.7
Indonesia,Consumer Expenditure on Alcoholic Beverages and Tobacco,Decile 10 - US$ million,1776.7,1927.1,2127.3,2468,2818.3,3706.2,4830.5,5062,5077.7,4988.4,4769.2,4952.1
Indonesia,Consumer Expenditure on Alcoholic Beverages and Tobacco,Total - US$ million,11323.3,13184.5,13616.4,16116.8,17478.4,22377.6,26812.6,28134.9,28019,27001.4,25733.8,26593.9
Indonesia,Consumer Expenditure on Alcoholic Beverages and Tobacco,Decile 1 - US$ per household,101,129.8,118.6,143.1,140.8,170,173.7,180,174.3,159.8,149,150.8
Indonesia,Consumer Expenditure on Alcoholic Beverages and Tobacco,Decile 2 - US$ per household,137.9,168.9,161.6,192.3,195.9,240.9,261,270.5,263.5,245.2,229.7,233.2
Indonesia,Consumer Expenditure on Alcoholic Beverages and Tobacco,Decile 3 - US$ per household,158.1,189.5,185.1,218.9,226.5,281,312.8,324.1,316.6,296.6,278.3,283.1
Indonesia,Consumer Expenditure on Alcoholic Beverages and Tobacco,Decile 4 - US$ per household,174.2,205.5,203.8,239.9,251.1,313.5,355.7,368.5,360.8,339.6,319,324.9
Indonesia,Consumer Expenditure on Alcoholic Beverages and Tobacco,Decile 5 - US$ per household,188.7,219.8,220.6,258.7,273.4,343.1,395.7,409.8,401.9,379.8,357.1,364
Indonesia,Consumer Expenditure on Alcoholic Beverages and Tobacco,Decile 6 - US$ per household,202.9,233.6,237,277.1,295.4,372.4,435.8,451.4,443.2,420.5,395.7,403.6
Indonesia,Consumer Expenditure on Alcoholic Beverages and Tobacco,Decile 7 - US$ per household,217.9,247.8,254.3,296.3,318.7,403.5,479.3,496.3,488,464.6,437.5,446.7
Indonesia,Consumer Expenditure on Alcoholic Beverages and Tobacco,Decile 8 - US$ per household,235.1,264,274.2,318.3,345.6,439.7,530.7,549.4,541,517.1,487.2,498
Indonesia,Consumer Expenditure on Alcoholic Beverages and Tobacco,Decile 9 - US$ per household,258,285.2,300.6,347.4,381.6,488.6,601.5,622.6,614.1,589.6,556,568.9
Indonesia,Consumer Expenditure on Alcoholic Beverages and Tobacco,Decile 10 - US$ per household,311.5,332.8,362.2,414.4,466.9,605.9,779.3,805.7,797.5,773.4,730.1,749
Indonesia,Consumer Expenditure on Alcoholic Beverages and Tobacco,Total - US$ per household,198.5,227.7,231.8,270.6,289.6,365.9,432.5,447.8,440.1,418.6,394,402.2
